,pID,is-score,11,13,14,15,16,17,18,19,20,21,35,33,64,96,99,100,101,102,103,104,107,125,126,127,128,152,154,155,189,209,217,218,219,220,221
0,-,0,-,-,-,-,-,-,-,-,-,-,-,-,-,-,-,-,-,-,-,-,-,-,-,-,-,-,-,-,-,-,-,-,-,-,-
1,1a4eABAB_intAB,0.07537,-,-,-,-,-,-,-,G,-,-,-,G,N,-,-,-,-,-,-,-,-,-,-,-,-,-,-,-,-,-,-,-,-,-,-
2,1a4eCBBC_intBC,0.11966,-,-,-,V,-,Q,-,-,-,-,-,-,-,-,-,P,Y,H,-,-,-,-,-,-,-,-,-,-,-,-,-,-,-,-,-
3,1a5nCBBC_intBC,0.09544,-,-,-,-,-,-,D,V,-,-,P,-,-,-,P,G,-,-,-,-,-,V,-,-,-,-,-,-,-,-,-,-,-,-,-
4,1a64ABAB_intAB,0.10837,-,-,-,-,-,I,D,-,-,-,A,-,-,-,-,-,-,-,Y,-,-,S,-,-,-,-,-,-,-,-,-,-,-,-,T
5,1afwABAB_intAB,0.08911,-,-,-,-,-,V,G,A,-,-,-,-,-,-,-,V,-,-,-,-,-,-,-,-,-,-,-,A,-,-,-,-,-,-,-
6,1ahuABAB_intAB,0.11862,-,Y,-,-,G,-,-,Q,-,-,-,-,G,-,-,Y,-,G,-,-,-,-,-,-,-,-,-,-,-,-,-,-,-,-,-
7,1aj8ABAB_intAB,0.11816,-,-,-,V,S,A,-,G,A,G,-,-,S,-,-,A,G,A,G,-,-,-,-,-,-,-,-,-,-,-,-,-,-,-,-
8,1apyCDCD_intCD,0.12325,-,-,-,M,G,-,S,T,N,K,-,-,-,-,-,-,-,N,-,-,-,-,-,-,-,-,-,-,-,-,V,-,L,A,-
9,1argABAB_intAB,0.08791,-,-,-,-,-,-,P,-,-,-,-,-,-,-,-,-,-,-,-,-,-,N,E,-,-,-,-,-,-,-,-,-,-,-,-
10,1as7ACAC_intAC,0.09117,-,-,-,-,-,-,-,-,P,-,-,-,-,-,-,-,-,-,-,-,-,-,-,-,-,-,-,-,-,L,-,-,T,-,-
11,1ay0ABAB_intAB,0.10251,-,-,-,-,-,-,Q,L,-,-,-,-,-,-,-,-,-,-,-,-,-,-,-,-,-,-,-,-,-,-,-,-,-,-,G
12,1b2pABAB_intAB,0.09994,-,-,V,Y,G,-,A,-,-,-,-,-,-,-,-,-,-,-,-,-,-,-,Y,G,A,-,-,-,-,-,-,-,-,-,-
13,1b35ACAC_intAC,0.11160,-,-,-,-,-,-,-,-,S,-,-,-,-,-,-,-,-,-,-,-,-,-,-,-,-,-,-,-,-,-,G,E,V,-,-
14,1b5fABAB_intAB,0.11875,-,-,-,-,-,V,G,-,A,A,-,R,S,-,-,-,-,-,-,-,-,-,-,-,-,-,-,-,-,-,-,F,H,Y,-
15,1b8gABAB_intAB,0.12907,Q,F,G,-,S,-,-,-,-,-,-,-,-,-,G,F,-,-,-,-,-,-,-,-,G,-,-,-,-,-,-,-,-,-,-
16,1b9nABAB_intAB,0.12859,-,-,-,-,-,N,-,-,L,-,-,Q,L,-,-,-,-,-,-,-,-,-,-,-,-,-,-,-,L,-,-,-,-,-,-
17,1baiABAB_intAB,0.08826,-,-,R,L,T,N,-,-,-,-,-,-,-,-,-,-,A,-,-,-,-,-,L,R,L,-,-,-,-,-,-,-,-,-,-
18,1bev1212_int12,0.09470,-,-,-,-,-,-,-,-,Q,W,-,-,-,-,-,-,-,-,-,-,-,-,-,-,-,-,-,-,-,-,E,G,-,-,-
19,1bfmABAB_intAB,0.12344,-,-,-,-,-,-,A,V,A,-,-,-,-,-,-,-,-,-,-,-,-,-,-,-,-,S,-,I,K,-,-,-,-,-,-
20,1bh5ABAB_intAB,0.08453,-,T,L,-,I,-,-,-,-,-,-,-,-,-,-,-,T,L,-,F,-,-,-,-,-,-,-,-,-,-,-,-,-,-,-
21,1bqnABAB_intAB,0.08819,-,-,F,W,-,-,-,-,-,-,-,-,-,-,-,-,-,-,-,-,-,-,-,-,P,-,-,-,-,-,-,-,-,-,-
22,1ca0GHGH_intGH,0.12692,E,V,T,T,-,G,-,-,-,-,-,-,T,-,-,R,Q,Q,-,S,S,G,D,G,L,-,-,-,-,-,-,-,-,-,-
23,1cdcABAB_intAB,0.10787,-,-,-,-,-,-,-,-,V,S,-,-,-,-,-,-,-,-,-,-,-,N,-,-,-,-,-,-,-,-,I,-,V,A,-
24,1chmABAB_intAB,0.08445,-,-,-,F,-,-,-,-,H,-,-,-,-,-,-,-,-,-,-,-,-,-,-,-,-,-,-,-,-,-,-,F,-,-,-
25,1cm7ABAB_intAB,0.10485,-,-,-,-,-,-,F,V,-,S,-,-,-,-,-,-,-,-,-,-,-,-,-,-,-,-,-,-,-,-,A,F,-,-,-
26,1cov1212_int12,0.09040,-,-,-,-,-,-,-,-,H,-,-,-,-,-,-,-,-,-,-,-,-,-,-,-,-,-,-,-,-,-,-,D,G,-,-
27,1cyqABAB_intAB,0.10034,-,-,-,-,-,G,-,P,-,-,-,-,L,-,-,C,-,-,-,-,-,-,-,-,-,-,-,-,-,-,-,-,-,-,-
28,1d2fABAB_intAB,0.08330,-,-,-,-,-,-,-,A,G,-,-,-,-,-,-,-,-,-,-,-,-,-,-,-,-,-,-,-,-,-,-,-,R,-,-
29,1dgfBDBD_intBD,0.10435,-,-,-,-,-,P,-,-,E,-,-,-,-,-,-,-,-,-,-,-,-,-,P,-,-,-,-,-,G,-,-,-,-,-,-
30,1dgrWVVW_intVW,0.12956,-,-,-,-,-,P,-,-,V,L,G,-,-,T,-,V,-,-,-,-,-,-,-,-,-,-,-,-,-,-,V,E,L,-,-
31,1djpABAB_intAB,0.10259,-,-,-,-,-,I,N,-,-,-,-,-,-,G,-,-,-,-,-,-,-,G,-,-,-,-,-,-,A,-,-,-,-,-,-
32,1dltABAB_intAB,0.09141,-,-,-,-,-,-,-,G,A,-,-,-,-,-,-,-,-,-,-,-,-,-,-,-,-,-,-,-,-,-,-,-,A,-,-
33,1dofABAB_intAB,0.09352,-,-,-,-,-,-,-,-,A,-,D,-,-,-,-,H,-,-,-,-,-,-,-,-,-,-,-,-,-,-,-,R,-,-,-
34,1dqxABAB_intAB,0.08807,-,-,-,V,-,-,-,S,-,-,-,-,-,-,-,-,-,L,-,-,-,-,-,-,-,-,-,-,-,-,-,-,-,-,-
35,1dtyABAB_intAB,0.09286,-,-,-,-,-,-,H,P,S,-,-,-,-,-,-,-,-,-,-,-,-,-,-,-,-,C,-,-,-,-,G,-,-,-,-
36,1e1hCDCD_intCD,0.08842,-,-,-,V,-,R,-,-,-,-,-,-,-,-,-,-,-,-,-,-,-,-,F,-,F,-,-,-,-,-,-,-,-,-,-
37,1e3aABAB_intAB,0.08358,G,-,-,-,-,-,-,-,-,-,-,-,V,-,K,-,-,-,-,-,-,-,-,-,-,-,-,-,-,-,-,-,-,-,-
38,1e5eABAB_intAB,0.13030,-,-,-,-,-,-,G,-,T,G,-,-,-,-,-,-,-,-,-,-,-,-,-,-,-,-,-,-,-,-,G,-,T,-,G
39,1e6vEFEF_intEF,0.12105,-,-,-,A,A,-,G,-,-,-,-,-,-,V,-,-,-,P,-,-,-,-,-,G,-,-,D,-,-,-,-,-,-,-,-
40,1e6yADAD_intAD,0.11940,-,-,G,G,V,-,-,-,-,-,-,-,-,-,-,-,-,-,-,-,-,-,-,G,W,-,-,-,-,-,-,-,-,-,-
41,1e9yABAB_intAB,0.11993,-,-,K,-,-,-,Q,D,-,-,-,-,-,-,T,-,-,-,G,-,-,-,-,-,-,-,-,-,-,-,-,-,-,-,G
42,1ebdABAB_intAB,0.11052,-,-,-,-,-,-,I,-,A,V,-,-,-,-,-,-,-,-,-,-,A,-,-,-,-,-,-,-,-,-,A,-,V,I,-
43,1efvABAB_intAB,0.09853,-,-,-,-,-,-,-,-,Q,L,-,-,-,-,-,-,-,-,-,-,-,-,-,-,-,-,-,-,-,-,G,-,E,-,-
44,1eiyABAB_intAB,0.09836,-,-,-,-,-,-,-,F,Q,-,-,-,-,-,-,-,-,-,-,-,-,-,-,-,-,-,-,-,-,-,-,G,-,-,-
45,1ek1ABAB_intAB,0.09794,-,-,-,-,-,G,-,-,G,-,-,-,-,-,-,-,-,-,-,-,-,-,G,-,-,-,-,-,-,-,-,G,-,-,-
46,1ekjEFEF_intEF,0.11384,-,-,-,S,-,S,-,-,-,-,-,-,-,-,-,-,-,-,-,-,-,-,F,V,-,-,-,-,-,-,-,-,-,-,-
47,1ev11313_int13,0.09744,-,-,-,-,-,-,E,N,-,-,-,-,T,-,-,-,-,-,-,-,-,-,-,-,-,-,W,-,-,-,-,-,-,-,-
48,1f0cABAB_intAB,0.12392,-,-,-,T,-,M,-,V,-,-,-,-,Y,-,-,I,-,H,-,-,-,-,-,-,-,-,-,-,-,-,-,-,-,-,-
49,1f0vABAB_intAB,0.10635,-,-,-,-,-,-,C,-,G,-,-,-,-,-,-,-,-,-,-,-,-,-,-,-,-,-,-,-,-,-,-,G,Y,P,-
50,1f3uABAB_intAB,0.08917,-,-,-,-,-,-,-,-,E,-,-,-,-,-,-,-,-,-,-,V,-,-,-,E,-,-,-,-,-,-,-,-,R,-,-
51,1f3wCDCD_intCD,0.12185,-,T,-,-,A,G,-,R,-,-,-,-,G,-,-,A,C,-,-,-,-,-,-,-,-,-,-,-,-,-,T,-,-,-,-
52,1f6mABAB_intAB,0.11321,-,-,T,G,-,-,-,-,-,-,-,-,-,-,-,-,-,-,-,-,-,-,-,T,G,-,-,-,-,-,-,-,-,-,-
53,1fc4ABAB_intAB,0.14783,-,-,-,-,H,G,G,-,A,-,Q,-,-,-,-,A,-,-,-,-,-,-,-,-,-,-,-,-,-,-,-,-,G,A,-
54,1flcABAB_intAB,0.12142,-,-,-,-,-,V,A,I,E,-,-,-,-,-,-,-,-,-,I,-,C,-,K,Q,-,-,-,N,S,G,-,-,-,-,-
55,1fneCDCD_intCD,0.08750,-,-,-,-,-,Y,-,-,-,-,-,-,-,-,-,-,-,-,-,-,-,-,F,-,-,-,-,-,-,R,D,A,-,-,-
56,1fxoGFFG_intFG,0.10585,-,-,-,-,G,H,G,-,-,-,-,-,-,-,-,-,-,-,-,-,-,G,H,-,-,-,-,-,-,V,-,-,-,-,G
57,1fz3BDBD_intBD,0.09184,-,-,-,-,-,-,-,-,A,-,-,-,-,-,-,-,-,-,P,-,-,-,-,-,-,-,-,-,-,-,-,A,R,-,-
58,1g3nAEAE_intAE,0.09832,-,-,-,G,-,-,-,-,-,-,A,-,-,-,-,-,V,A,-,-,-,-,-,-,-,-,-,-,-,-,-,-,-,-,-
59,1g7yACAC_intAC,0.13853,-,-,-,P,L,D,I,A,L,N,-,-,Y,-,V,R,-,-,-,-,-,N,V,L,-,-,-,-,-,-,-,-,-,-,-
60,1ggkACAC_intAC,0.09995,-,-,-,-,-,G,R,-,A,-,-,-,G,-,-,-,-,-,-,-,-,-,-,-,-,-,-,-,-,-,-,-,G,-,-
61,1ggkCBBC_intBC,0.11479,-,-,-,-,-,L,G,-,-,-,-,-,-,-,-,-,-,-,-,-,-,M,-,-,-,-,-,-,-,-,-,-,-,-,G
62,1gh7ABAB_intAB,0.10374,-,-,-,-,-,-,R,-,T,-,-,-,-,-,-,-,-,-,-,-,-,-,-,-,-,-,-,-,-,-,-,-,I,S,-
63,1gk2ACAC_intAC,0.13637,F,-,L,A,-,G,-,-,-,-,-,T,-,-,-,-,-,-,-,F,A,-,-,-,-,-,-,-,-,-,-,-,-,-,-
64,1gmeCDCD_intCD,0.10405,-,K,-,-,-,P,G,-,-,-,-,-,-,-,-,-,-,-,-,-,-,-,-,-,-,-,-,-,-,-,-,-,-,N,G
65,1gxlABAB_intAB,0.07855,-,-,E,R,-,-,T,-,-,-,-,-,-,-,-,-,-,-,-,-,-,G,T,-,G,-,-,-,-,-,-,-,-,-,-
66,1gxsABAB_intAB,0.08948,-,-,-,N,D,G,-,-,-,-,-,-,-,-,-,S,-,-,-,-,-,-,-,-,-,-,-,-,-,-,-,-,-,-,-
67,1gylABAB_intAB,0.11669,-,-,-,-,-,-,-,-,L,G,-,-,-,-,-,-,-,-,-,-,-,-,-,-,-,-,-,-,-,-,D,R,N,-,-
68,1h21CDCD_intCD,0.10537,-,-,S,-,-,-,G,Q,N,-,-,-,-,-,-,-,-,-,-,-,-,-,-,-,A,-,-,S,-,-,-,-,G,-,Q
69,1h4sABAB_intAB,0.08740,-,-,E,A,-,V,-,A,-,-,-,-,A,-,-,-,-,-,-,-,-,-,V,-,A,-,-,-,-,-,-,-,-,-,-
70,1h5tCBBC_intBC,0.09027,-,-,G,H,-,-,G,-,-,-,-,-,-,-,-,-,-,-,-,-,-,-,G,H,-,-,-,-,Q,-,-,-,-,-,-
71,1h6dACAC_intAC,0.10238,-,-,-,-,-,-,G,-,-,-,-,-,-,-,-,-,-,-,-,-,-,-,-,-,-,G,-,-,-,-,-,-,-,N,-
72,1h7xCDCD_intCD,0.08789,-,-,-,-,-,-,V,-,-,-,-,-,-,-,-,-,-,-,-,-,-,-,-,-,-,-,-,-,-,-,-,-,-,V,T
73,1hdcACAC_intAC,0.09546,-,-,-,-,-,-,-,-,G,-,L,-,-,-,-,G,-,-,-,-,-,-,-,-,-,-,-,A,-,-,-,-,G,-,-
74,1hiaYXXY_intXY,0.12209,-,-,L,M,-,L,-,-,-,-,-,-,-,-,P,-,-,T,A,A,-,-,D,-,P,-,-,-,-,-,-,-,-,-,-
75,1hj5ABAB_intAB,0.09746,-,-,-,-,-,-,-,G,A,P,-,-,-,-,-,-,-,-,-,-,-,-,-,-,-,-,-,-,-,-,G,A,P,-,-
76,1hvuKJJK_intJK,0.09207,-,-,-,-,-,-,-,-,T,-,-,-,-,-,-,-,-,-,-,-,-,-,-,-,-,-,-,-,-,-,-,G,G,-,-
77,1hygABAB_intAB,0.08517,-,-,-,-,-,-,-,D,A,-,-,-,-,-,-,-,-,-,-,-,-,-,-,-,-,-,-,-,-,-,-,-,G,-,-
78,1i1dADAD_intAD,0.10054,-,-,-,-,-,D,E,-,Q,R,-,-,-,-,-,-,-,-,-,-,-,-,-,-,-,-,-,-,-,-,-,I,-,-,D
79,1i84SVSV_intSV,0.12604,-,-,-,E,I,E,E,E,R,-,-,-,-,-,-,-,-,-,-,L,-,-,-,E,-,I,E,-,-,-,-,E,E,-,-
80,1ibvABAB_intAB,0.10610,-,-,P,I,V,-,-,-,-,-,-,-,-,-,-,-,-,G,-,-,-,-,-,T,-,-,-,-,-,-,-,-,-,-,-
81,1icfABAB_intAB,0.11888,-,N,-,-,-,-,V,-,-,S,-,-,W,-,-,-,W,G,-,-,-,-,-,-,-,-,-,-,-,-,G,-,-,A,-
82,1iwaEMEM_intEM,0.10307,-,-,-,-,-,-,G,-,-,-,-,-,-,-,-,-,-,-,-,-,-,A,G,-,-,-,-,-,-,-,-,-,-,-,-
83,1ixeABAB_intAB,0.12382,-,-,-,S,-,A,A,S,G,-,-,-,A,-,-,-,-,-,-,-,-,-,-,-,-,-,-,-,-,-,-,T,T,S,A
84,1iy8ACAC_intAC,0.07545,-,-,-,-,-,-,-,G,-,A,G,-,-,-,-,-,-,-,-,-,-,-,-,-,G,-,-,-,-,-,-,N,-,-,-
85,1izlADAD_intAD,0.08478,-,-,-,-,-,-,-,-,F,-,-,-,-,-,-,-,-,-,-,-,-,-,-,-,-,-,I,-,P,E,N,-,-,-,-
86,1j2gCBBC_intBC,0.09234,-,-,-,-,-,-,A,V,-,-,-,-,-,-,-,-,-,-,-,-,-,-,-,-,-,-,-,-,-,-,K,-,-,S,-
87,1j2gCDCD_intCD,0.10695,-,Y,-,-,-,-,-,-,-,-,K,-,-,-,-,G,-,Q,-,-,-,-,-,-,-,-,-,-,-,-,-,-,-,-,-
88,1j4vABAB_intAB,0.12968,-,H,I,A,-,-,D,-,-,-,-,-,-,-,-,-,-,G,K,F,-,-,-,-,-,R,-,-,-,-,-,-,-,-,-
89,1jb0ABAB_intAB,0.10640,-,-,-,-,-,-,G,-,-,-,S,-,-,-,-,-,-,-,-,-,-,-,-,-,-,T,I,-,-,-,-,-,-,-,-
90,1jeqABAB_intAB,0.08328,-,-,-,-,-,-,T,T,-,-,-,-,-,-,-,-,-,-,-,-,-,-,-,-,-,K,-,-,-,-,-,-,-,-,-
91,1jkiABAB_intAB,0.10896,-,-,-,-,-,-,G,-,-,-,-,-,-,-,-,-,-,-,-,-,-,-,-,-,-,-,-,-,-,-,-,-,-,C,S
92,1jmuDFDF_intDF,0.11722,-,-,L,S,-,-,-,-,-,-,-,-,-,-,-,-,-,-,-,-,-,-,-,Q,A,-,-,-,-,-,-,-,-,-,-
93,1jocABAB_intAB,0.11020,-,-,-,-,R,-,P,S,-,-,-,-,-,-,-,-,-,-,-,-,-,-,-,-,-,-,-,K,-,-,-,-,W,G,-
94,1jpyABAB_intAB,0.10581,-,-,T,V,-,-,-,-,-,-,-,-,-,-,-,-,-,S,-,-,-,-,-,-,T,-,-,V,-,-,-,-,-,-,-
95,1jq3ADAD_intAD,0.11548,-,-,M,-,-,-,-,S,G,-,-,-,-,-,-,-,-,-,-,-,-,-,-,-,V,-,-,S,-,-,-,-,G,-,-
96,1jqkCDCD_intCD,0.09109,-,S,-,-,-,-,-,-,Q,C,-,-,-,-,-,-,-,-,-,-,-,-,-,-,-,-,-,-,-,-,-,G,C,D,-
97,1jshABAB_intAB,0.10583,-,-,Y,-,-,-,-,-,T,-,-,-,-,-,-,-,-,-,Y,-,-,-,-,-,-,-,-,-,-,-,-,L,-,-,-
98,1jt0ACAC_intAC,0.09938,-,-,-,-,-,-,-,I,N,G,-,A,-,-,-,-,-,-,-,-,-,-,-,-,-,-,-,-,-,-,N,G,-,-,-
99,1jwhCDCD_intCD,0.07735,-,-,-,-,-,R,Y,-,-,-,-,-,-,Y,-,-,-,-,-,-,-,-,-,-,-,-,-,-,L,-,-,-,-,-,-
100,1k2xABAB_intAB,0.11404,-,-,-,-,-,-,-,-,V,A,S,-,-,-,-,-,-,-,-,-,-,-,-,-,-,-,-,-,-,-,I,H,G,-,-
101,1k3bCBBC_intBC,0.09503,-,-,-,-,-,-,V,-,A,E,-,-,-,-,-,-,-,-,-,-,-,-,-,-,-,-,-,A,-,-,-,-,-,-,A
102,1k50BDBD_intBD,0.11465,-,-,-,-,-,-,G,Y,-,L,-,-,-,-,-,-,-,-,-,-,-,-,-,T,-,-,-,-,-,-,V,-,-,-,K
103,1k6fABAB_intAB,0.10977,-,-,-,-,-,G,-,-,G,-,-,-,-,-,-,-,-,-,-,-,G,-,G,-,-,-,-,-,-,-,-,-,G,-,-
104,1kj1PQPQ_intPQ,0.08553,-,N,V,-,Y,-,-,D,S,-,-,-,-,-,-,-,D,-,S,-,-,-,-,-,-,-,-,-,-,-,-,-,-,-,-
105,1kjiABAB_intAB,0.12803,-,-,-,-,L,G,-,-,L,G,-,-,-,-,-,-,-,-,-,-,-,T,-,D,-,-,-,-,-,-,-,-,L,-,G
106,1kpaABAB_intAB,0.10476,S,G,-,-,-,-,G,G,-,-,-,-,-,-,-,-,-,-,G,-,-,-,-,-,-,-,-,-,-,-,-,-,-,G,Y
107,1kqgABAB_intAB,0.09744,-,-,-,-,-,-,A,-,T,P,-,-,-,-,-,-,-,-,-,-,-,-,-,-,-,-,-,-,-,-,-,A,-,-,P
108,1kveABAB_intAB,0.11041,-,-,-,W,-,M,-,-,-,-,-,-,-,-,W,A,-,S,-,-,-,-,-,-,-,-,-,-,-,-,-,-,-,-,-
109,1kx5GHGH_intGH,0.11581,-,-,-,-,-,G,I,-,-,-,-,-,-,-,-,-,-,-,-,-,-,R,-,-,-,-,-,-,-,-,-,-,-,-,I
110,1l8wBDBD_intBD,0.08315,-,-,-,-,-,-,S,G,-,-,-,-,-,-,-,-,-,-,-,-,-,-,-,-,-,-,-,-,-,D,-,-,-,-,A
111,1ldjABAB_intAB,0.11484,-,-,-,-,-,-,K,W,N,A,-,-,-,-,-,-,-,-,-,-,-,-,-,-,-,-,-,D,-,W,S,K,G,-,-
112,1li1EDDE_intDE,0.08938,-,-,-,F,-,L,-,-,-,-,-,G,-,-,-,-,-,-,-,-,-,-,F,-,F,-,N,-,-,-,-,-,-,-,-
113,1lofCDCD_intCD,0.13307,-,-,V,-,W,Y,F,H,-,-,-,-,S,-,-,S,-,-,-,R,L,T,-,F,F,T,-,-,-,-,-,-,-,-,-
114,1lq8CDCD_intCD,0.08894,-,-,-,-,-,-,F,S,-,-,-,-,-,-,-,-,-,-,-,-,-,-,-,-,-,-,-,-,-,D,F,-,-,-,G
115,1lqlCDCD_intCD,0.12478,-,-,-,-,-,-,P,L,G,-,T,-,-,-,M,K,D,-,-,-,-,-,-,-,-,-,-,-,P,-,-,-,L,-,G
116,1lrwACAC_intAC,0.10388,-,-,F,S,G,P,-,M,-,-,-,F,-,-,-,S,-,P,-,-,-,-,-,-,-,-,-,-,-,-,-,-,-,-,-
117,1lvmABAB_intAB,0.10256,-,-,M,V,S,-,-,-,-,-,-,-,-,-,-,G,P,-,D,M,V,-,-,-,-,-,-,-,-,-,-,-,-,-,-
118,1lvoCDCD_intCD,0.10400,-,G,-,-,-,-,-,-,Y,-,-,-,-,-,-,-,-,S,-,-,-,-,-,-,-,-,-,-,-,-,-,-,Y,-,-
119,1lybABAB_intAB,0.10380,-,-,-,T,S,-,-,-,-,-,L,-,-,-,G,L,G,M,-,-,-,-,-,-,-,G,-,-,-,-,-,-,-,-,-
120,1m0dCDCD_intCD,0.12691,-,-,P,A,-,-,-,T,-,-,-,-,P,-,-,-,-,-,-,-,-,-,-,P,A,-,-,-,-,-,-,-,-,-,-
121,1m1jEDDE_intDE,0.10943,-,-,-,-,-,-,-,-,A,-,-,-,-,-,-,-,-,-,-,-,-,-,-,-,-,-,-,-,-,-,-,S,V,-,-
122,1m1tABAB_intAB,0.10374,-,-,-,-,-,-,D,-,-,-,-,-,-,-,-,-,-,-,-,-,-,G,A,-,-,-,-,-,-,-,-,-,-,-,-
123,1m34ABAB_intAB,0.10195,-,-,-,G,C,-,-,-,-,-,-,-,-,-,-,-,-,-,-,-,-,-,-,G,-,-,-,-,-,-,-,-,-,-,-
124,1m57GHGH_intGH,0.10309,-,-,-,-,-,-,G,S,I,-,-,-,-,-,-,-,-,-,-,-,-,-,-,-,-,-,-,-,-,-,-,H,E,-,P
125,1m72ABAB_intAB,0.08634,-,-,-,S,-,R,-,P,-,T,-,-,-,-,-,-,-,-,-,-,-,G,T,-,S,-,-,-,-,-,-,-,-,-,-
126,1m7sABAB_intAB,0.07638,-,-,-,-,-,-,P,T,-,-,-,-,-,-,-,-,-,-,-,-,-,T,-,-,-,-,-,-,-,-,-,-,-,-,-
127,1m7sACAC_intAC,0.07791,-,-,-,-,-,-,-,G,-,-,-,-,-,-,-,-,-,-,-,-,-,-,-,-,-,-,-,-,-,-,-,-,-,A,R
128,1m7sADAD_intAD,0.08493,-,P,-,-,-,-,-,-,-,-,-,-,-,-,-,-,-,P,-,-,-,-,-,-,-,-,-,-,-,-,-,-,-,-,N
129,1mbyABAB_intAB,0.08674,-,-,-,-,-,A,-,V,-,-,-,-,-,-,-,-,-,-,-,-,-,-,V,-,-,-,-,-,-,-,-,-,-,-,-
130,1mec1212_int12,0.10315,-,-,-,Q,F,-,-,-,-,-,-,-,-,-,-,E,-,G,-,-,-,-,-,-,-,-,-,-,-,-,-,-,-,-,-
131,1mhmABAB_intAB,0.11159,-,-,S,K,-,-,-,K,-,-,-,-,R,I,-,-,-,S,F,G,-,-,-,-,L,-,S,-,-,-,-,-,-,-,-
132,1mioCDCD_intCD,0.10466,-,-,-,-,-,-,G,-,-,-,A,-,-,-,-,P,G,-,-,-,-,-,-,-,-,-,-,-,-,-,-,-,-,-,G
133,1mjpABAB_intAB,0.08873,-,-,K,T,-,S,-,-,-,-,-,-,-,-,-,-,-,-,-,-,-,-,K,-,T,-,-,-,-,-,-,-,-,-,-
134,1mkaABAB_intAB,0.11561,-,-,-,-,G,E,K,-,-,-,-,-,-,-,-,-,-,-,-,-,-,-,G,E,-,-,-,-,-,-,-,-,-,-,-
135,1mpqABAB_intAB,0.09905,-,-,-,-,-,-,-,-,G,G,-,-,-,-,-,-,-,-,-,-,-,-,-,-,-,-,-,-,S,-,D,-,-,-,-
136,1msaCBBC_intBC,0.08657,-,-,-,-,-,-,Y,D,-,-,-,-,-,-,-,-,-,-,-,-,-,-,-,-,-,-,D,-,-,-,-,-,-,-,-
137,1mu4ABAB_intAB,0.09477,-,T,L,-,-,-,E,-,T,I,-,-,-,-,-,-,-,-,-,-,-,-,-,-,-,-,-,-,Q,-,-,-,K,E,-
138,1mv8CDCD_intCD,0.07588,-,-,-,P,-,-,-,-,-,-,-,-,-,-,-,-,-,N,-,-,-,-,-,-,-,-,D,-,-,-,-,-,-,-,-
139,1n13EFEF_intEF,0.09888,-,-,A,-,A,-,-,-,-,-,-,-,-,-,-,-,-,-,-,-,-,-,-,A,S,-,-,-,V,-,-,-,-,-,-
140,1n2fABAB_intAB,0.11118,-,-,A,T,T,G,P,-,-,-,-,-,G,-,-,-,-,-,-,-,-,-,K,G,G,-,G,-,-,-,-,-,-,-,-
141,1n31ABAB_intAB,0.11572,-,-,-,-,-,-,G,-,-,S,-,-,-,-,-,-,-,-,-,-,-,-,-,-,-,-,-,-,-,-,G,-,-,S,A
142,1n5tABAB_intAB,0.10882,-,-,E,-,-,-,-,-,P,-,-,-,-,-,-,-,-,-,-,-,-,-,-,-,E,-,-,-,-,-,-,H,-,-,-
143,1n6dCDCD_intCD,0.06921,-,-,F,-,-,-,-,-,-,-,-,-,-,-,-,-,-,-,-,-,-,-,-,-,G,-,-,R,-,-,-,-,-,G,-
144,1n8bABAB_intAB,0.11588,-,-,-,-,-,-,I,Y,-,E,-,-,-,-,-,-,-,-,-,-,-,-,-,-,-,-,-,-,-,-,A,V,-,F,-
145,1n8jMNMN_intMN,0.08944,-,-,-,-,-,T,G,-,-,-,-,-,-,-,-,-,-,-,-,-,-,-,-,-,-,-,-,-,-,-,-,-,-,A,-
146,1n9eCDCD_intCD,0.09484,-,-,-,-,-,-,-,S,G,-,-,-,-,-,-,-,-,-,-,-,-,-,-,-,S,-,-,G,-,-,-,-,E,-,P
147,1nbaCDCD_intCD,0.13281,-,-,K,I,-,-,T,-,-,-,-,-,-,-,-,-,-,F,-,R,-,-,-,-,-,-,-,-,-,-,-,-,-,-,A
148,1ncvABAB_intAB,0.11905,-,-,E,S,-,-,-,-,-,-,R,Y,-,-,S,R,T,T,-,S,-,-,-,-,-,P,-,-,-,-,-,-,-,-,-
149,1nmsABAB_intAB,0.09794,G,E,-,-,-,-,R,-,-,E,-,-,-,-,-,-,P,-,-,-,-,-,T,-,-,-,-,-,-,-,-,-,-,-,-
150,1nnoABAB_intAB,0.09836,-,-,-,-,-,-,-,T,T,-,-,-,-,-,-,-,-,-,-,-,-,-,-,-,-,-,-,-,-,-,-,-,T,-,T
151,1npbABAB_intAB,0.08428,-,-,-,-,-,-,-,-,L,-,-,-,-,-,-,-,-,-,-,-,-,-,-,L,N,-,-,-,F,-,-,-,-,-,-
152,1nxzABAB_intAB,0.08802,G,-,-,-,-,-,-,-,L,-,-,-,-,-,-,-,-,-,-,-,-,-,-,-,-,-,-,-,-,-,-,-,G,-,-
153,1nyeCDCD_intCD,0.11550,-,-,-,-,-,G,A,A,-,-,-,-,-,-,-,-,-,-,-,-,-,-,G,Q,-,-,-,-,-,-,-,P,-,-,-
154,1nzcABAB_intAB,0.12207,-,-,Q,N,-,S,-,-,-,-,-,-,-,-,-,F,-,E,Q,-,-,-,-,-,-,-,-,-,-,-,-,-,-,-,-
155,1o0vABAB_intAB,0.10109,-,G,G,G,-,C,-,-,-,-,-,-,G,-,-,-,T,-,-,-,-,-,C,-,N,-,-,-,-,-,-,-,-,-,-
156,1o1f5D5D_int5D,0.12079,-,-,P,K,G,G,K,K,-,-,-,-,D,D,-,-,-,A,-,G,P,-,I,G,-,-,-,-,-,-,-,-,-,-,S
157,1o8cADAD_intAD,0.11942,-,-,-,-,-,-,T,F,-,-,-,-,-,-,-,-,-,-,-,-,-,-,-,-,-,-,T,L,-,-,G,-,-,-,-
158,1o95ABAB_intAB,0.08316,G,-,I,-,-,-,-,-,-,-,-,-,-,-,-,-,-,-,-,-,-,-,-,-,I,-,-,-,-,-,-,-,-,-,-
159,1o96ABAB_intAB,0.12056,-,-,-,-,-,G,A,T,-,-,-,-,-,V,-,-,-,-,V,-,-,-,T,-,-,-,-,-,-,-,-,-,-,K,Y
160,1o9iAFAF_intAF,0.10600,-,-,-,K,Q,Y,N,K,-,-,-,-,E,-,S,-,-,A,-,-,-,-,G,I,-,-,-,-,-,-,-,-,-,-,-
161,1o9yADAD_intAD,0.08479,-,-,-,E,-,-,-,-,-,-,-,-,-,-,-,-,-,-,-,-,-,-,-,T,-,-,-,-,E,-,-,-,-,-,-
162,1ohfCBBC_intBC,0.08710,-,-,-,-,-,-,-,-,T,-,-,-,-,-,-,-,-,-,-,-,-,-,-,-,-,-,-,-,-,V,-,K,-,-,-
163,1oo5ABAB_intAB,0.10912,-,-,-,-,-,L,G,N,-,-,-,-,-,-,-,-,-,-,-,-,-,-,L,-,-,-,-,-,-,-,-,-,-,-,N
164,1oqfABAB_intAB,0.07830,-,-,-,N,-,A,-,A,-,-,-,-,-,-,-,-,-,-,G,-,-,-,-,-,-,-,-,-,-,-,M,-,-,-,-
165,1ov3ABAB_intAB,0.12894,-,E,-,F,-,Q,-,-,-,-,-,-,-,-,-,R,G,W,-,D,-,-,-,-,-,-,-,-,-,-,-,-,-,-,-
166,1oy5ACAC_intAC,0.08349,-,-,P,-,-,-,-,-,-,-,-,-,-,-,-,-,-,-,-,-,-,-,-,Y,T,-,-,L,-,-,-,-,-,-,-
167,1p6oABAB_intAB,0.10820,-,M,-,G,A,-,-,-,-,-,-,-,-,-,-,M,G,A,-,-,-,-,-,-,-,-,-,-,-,-,-,-,-,-,G
168,1pg8BDBD_intBD,0.12317,-,-,-,-,-,-,G,-,T,G,-,-,-,-,-,-,-,-,-,-,-,-,-,-,-,-,-,-,-,-,G,-,T,-,G
169,1pgw1212_int12,0.11489,S,I,A,-,-,-,-,-,-,-,-,-,-,-,-,-,T,L,-,-,-,-,-,M,P,-,-,-,-,-,-,-,-,-,-
170,1pjtABAB_intAB,0.09257,-,-,-,-,-,-,-,-,F,-,-,-,-,-,-,-,-,-,-,-,-,-,-,-,-,-,-,-,-,-,-,F,C,-,-
171,1po21212_int12,0.12740,A,-,H,-,-,P,R,-,-,-,-,-,-,-,-,-,-,-,G,-,-,L,-,-,-,-,-,-,-,-,-,-,-,-,K
172,1pyoCDCD_intCD,0.10677,-,-,-,-,-,-,G,-,-,C,-,-,-,-,-,-,-,-,-,-,-,-,-,-,-,T,G,-,-,-,-,-,-,-,-
173,1q05ABAB_intAB,0.07899,-,-,-,-,-,-,-,-,G,-,S,-,-,-,-,-,-,-,-,-,-,-,-,-,-,-,-,-,-,-,-,-,A,-,-
174,1q1lADAD_intAD,0.10975,-,-,G,-,-,-,G,E,-,-,-,-,G,-,-,-,-,-,-,-,-,E,-,-,A,-,-,-,-,-,-,-,-,-,-
175,1q4tABAB_intAB,0.11875,-,-,A,-,-,S,H,-,S,-,-,-,-,-,-,-,-,-,-,-,-,-,-,-,G,-,A,-,-,-,-,-,S,-,H
176,1q51IKIK_intIK,0.10357,-,-,-,-,-,-,-,D,G,-,-,-,-,-,-,-,-,-,-,-,-,-,-,-,-,-,-,-,-,-,-,D,G,-,-
177,1q6iABAB_intAB,0.12180,-,-,-,-,-,Y,G,A,G,-,-,-,G,-,-,-,-,-,-,-,-,-,-,-,-,-,-,-,-,-,-,-,V,-,-
178,1q7lABAB_intAB,0.08643,-,-,-,-,-,-,-,R,T,R,-,-,-,-,-,-,-,-,-,-,-,-,-,-,-,-,-,-,-,-,-,-,P,-,-
179,1q8mABAB_intAB,0.10705,-,-,-,-,-,-,K,-,T,-,-,-,-,-,-,-,-,-,-,-,-,-,-,-,-,-,-,-,-,-,-,-,P,M,-
180,1qgeEDDE_intDE,0.10477,-,-,-,-,-,-,-,-,A,-,-,-,-,-,-,-,-,-,-,-,-,-,-,-,-,-,-,-,-,-,-,G,Q,-,-
181,1qlwABAB_intAB,0.10352,-,T,-,-,-,-,-,-,-,-,S,-,-,-,-,P,-,T,S,-,-,-,-,-,-,-,-,-,-,-,-,-,-,-,-
182,1qmoCGCG_intCG,0.13251,-,-,-,S,-,S,F,T,S,-,-,-,S,-,-,S,-,T,-,-,-,-,-,-,-,-,-,-,-,-,T,F,T,F,-
183,1qolACAC_intAC,0.11684,-,-,K,L,K,-,-,-,-,-,-,-,-,-,-,D,G,G,-,-,-,-,-,E,-,-,-,-,-,-,-,-,-,-,-
184,1qorABAB_intAB,0.12158,-,-,T,G,-,N,-,-,-,S,-,-,-,-,-,-,-,-,-,-,-,-,T,G,N,-,-,Y,T,-,-,P,-,-,-
185,1qpqCDCD_intCD,0.11749,-,G,D,-,-,P,-,-,S,-,-,-,G,-,-,-,P,-,-,-,-,-,-,-,-,-,-,-,R,-,-,-,-,-,-
186,1qsmABAB_intAB,0.12195,-,-,L,Y,K,R,-,-,-,-,-,-,-,-,-,-,Y,-,C,D,-,-,G,-,K,-,-,-,-,-,-,-,-,-,-
187,1qxoCDCD_intCD,0.09966,-,-,G,-,-,G,-,-,-,-,-,G,-,-,-,-,-,-,-,-,-,E,-,-,G,-,-,-,G,-,-,-,-,-,-
188,1r31ABAB_intAB,0.10376,-,-,-,-,-,-,-,I,T,-,-,-,P,-,-,-,-,-,-,-,-,-,-,-,-,-,-,E,-,-,-,-,P,-,A
189,1r37ABAB_intAB,0.10406,-,-,-,-,-,-,T,E,Q,V,-,-,-,-,-,-,-,-,-,-,-,-,-,-,-,-,-,-,-,-,-,-,V,-,G
190,1r4cCDCD_intCD,0.09231,-,-,-,-,-,-,-,-,I,-,-,-,-,-,-,-,-,-,-,-,-,-,-,-,-,-,I,A,-,-,-,-,V,-,-
191,1re5CBBC_intBC,0.08419,-,-,A,G,-,-,G,-,-,-,-,-,-,-,-,-,-,-,-,-,-,-,-,-,-,-,-,-,-,-,-,-,-,G,-
192,1rldABAB_intAB,0.09966,-,-,-,-,-,-,-,-,G,-,M,-,S,-,-,G,-,-,-,-,-,-,-,-,-,-,-,-,G,-,-,-,G,-,-
193,1rqdABAB_intAB,0.08892,-,-,-,G,-,-,-,-,-,-,-,-,-,Q,-,-,-,R,-,G,T,-,-,-,-,-,-,-,-,-,-,-,-,-,-
194,1s1i9B9B_int9B,0.13884,-,-,-,V,A,G,G,A,-,-,-,E,-,-,-,G,-,H,-,-,-,G,-,-,-,-,-,-,-,-,-,-,-,-,G
195,1s3tCBBC_intBC,0.11373,-,-,-,D,-,V,-,P,-,K,-,-,G,-,-,Y,-,V,-,-,-,-,-,-,-,-,-,-,-,-,-,-,-,-,-
196,1s3zABAB_intAB,0.10284,-,-,-,-,-,-,I,F,Y,R,-,-,-,-,-,-,-,-,-,-,-,-,-,-,-,-,-,-,-,-,D,-,E,-,R
197,1s4dIHHI_intHI,0.10883,-,-,-,-,-,A,T,-,L,-,-,-,-,-,-,-,-,-,-,-,-,-,-,-,-,-,-,-,-,-,-,-,A,T,G
198,1s7mACAC_intAC,0.08417,-,-,-,-,-,-,-,-,E,-,-,-,D,-,-,-,-,-,-,-,-,-,-,-,-,-,-,-,V,-,-,-,-,-,-
199,1shsBDBD_intBD,0.10869,-,-,-,-,-,-,N,G,-,-,-,-,-,-,-,-,-,-,-,-,-,-,-,-,-,-,-,-,-,-,-,-,-,N,G
200,1sieBFBF_intBF,0.13333,-,R,V,Y,D,G,-,-,-,-,-,-,-,-,-,K,L,K,-,-,-,-,-,S,T,-,-,-,-,-,-,-,-,-,-
201,1sj2ABAB_intAB,0.08624,-,-,-,-,-,-,-,M,G,-,-,-,-,-,-,-,-,-,-,-,-,-,-,-,-,-,-,-,-,-,-,-,S,-,-
202,1spiCDCD_intCD,0.08397,-,-,-,S,-,-,-,-,-,S,R,-,-,-,-,-,-,-,-,-,S,-,-,-,-,-,-,-,-,-,-,-,-,-,-
203,1st0ABAB_intAB,0.10558,-,-,-,-,-,-,G,V,-,-,-,-,-,-,-,-,-,-,-,-,-,G,-,-,-,-,-,-,-,-,-,-,-,-,V
204,1szsABAB_intAB,0.10696,-,-,T,-,-,-,-,G,-,-,-,-,G,-,-,-,-,-,R,-,-,-,-,-,G,-,-,-,-,-,-,Y,-,-,-
205,1t09ABAB_intAB,0.08821,-,-,-,V,-,I,-,Y,-,-,-,-,-,-,-,-,-,-,-,-,-,-,I,-,Y,-,-,-,-,-,-,-,-,-,-
206,1t3eABAB_intAB,0.11585,-,-,-,-,-,-,G,E,Q,-,-,-,-,-,-,-,-,-,-,-,-,-,N,-,-,E,-,-,-,-,-,-,G,-,-
207,1th2CBBC_intBC,0.10748,-,-,-,-,-,-,P,-,-,G,-,-,-,-,-,-,-,-,-,-,-,-,-,-,-,-,I,P,-,-,G,S,-,-,-
208,1th3ACAC_intAC,0.10868,-,-,-,-,-,-,G,-,-,-,-,-,-,-,-,-,-,-,-,-,-,-,-,-,-,-,-,-,-,-,-,-,-,A,L
209,1tjuCBBC_intBC,0.10591,-,-,G,-,G,S,-,-,-,-,-,-,G,-,-,G,-,S,-,-,-,-,-,-,-,-,-,-,-,-,-,-,-,-,-
210,1u1zEFEF_intEF,0.10294,-,-,G,-,-,-,-,-,-,-,-,-,-,-,-,-,-,R,Y,-,-,-,-,-,-,-,-,-,-,-,-,-,-,-,-
211,1u20ABAB_intAB,0.08399,-,-,-,I,-,F,N,-,-,-,-,-,-,-,D,G,-,-,G,I,-,-,-,-,-,-,F,N,-,-,-,-,-,-,-
212,1u60ABAB_intAB,0.09171,-,-,-,-,-,P,G,-,-,-,-,-,-,-,-,-,-,-,-,-,-,-,-,-,-,-,-,-,-,-,-,-,-,-,G
213,1u8vCDCD_intCD,0.08103,-,-,-,-,-,-,P,-,-,-,-,-,-,-,-,-,-,-,-,-,G,-,-,-,-,-,-,-,-,-,-,-,-,-,G
214,1ub7CDCD_intCD,0.11192,-,-,-,-,-,D,A,P,-,-,-,-,-,-,-,-,-,-,-,-,-,A,C,-,-,-,-,-,-,-,-,G,-,-,-
215,1uboSLLS_intLS,0.08802,-,-,-,-,Q,-,G,P,-,-,-,-,-,-,-,-,-,-,-,-,-,-,-,-,-,M,-,-,-,G,-,-,-,-,D
216,1uhbABAB_intAB,0.11195,-,-,-,-,G,S,A,-,-,-,G,-,-,-,-,G,D,-,-,-,-,-,G,G,-,-,-,-,-,-,-,-,-,-,-
217,1ukkABAB_intAB,0.11287,-,-,S,E,-,-,-,-,-,-,R,-,-,-,V,K,-,K,-,V,-,-,-,-,-,P,-,-,-,-,-,-,A,G,-
218,1ultABAB_intAB,0.11042,-,A,F,-,-,M,M,-,-,-,-,-,-,-,-,-,-,-,G,-,-,T,-,-,-,G,-,-,-,-,-,-,-,-,-
219,1um0CBBC_intBC,0.11186,-,-,-,-,G,-,A,-,E,-,-,-,-,-,-,-,-,-,-,-,-,-,-,-,-,-,-,-,-,-,-,-,A,-,E
220,1umyCDCD_intCD,0.11023,-,P,-,S,-,-,-,-,-,-,-,-,-,-,-,-,-,P,-,-,-,-,-,S,-,-,-,-,-,-,-,-,-,-,-
221,1usfABAB_intAB,0.08773,-,-,-,-,-,-,A,-,-,-,-,-,-,-,-,-,-,-,-,-,-,-,-,-,-,-,-,-,-,-,-,-,-,P,A
222,1uu1CDCD_intCD,0.08375,-,-,-,-,-,-,-,-,D,-,-,-,-,-,-,-,-,-,-,-,-,-,-,-,-,-,-,-,P,D,-,-,-,-,-
223,1v0fEDDE_intDE,0.12519,-,-,-,-,-,-,L,G,R,-,-,-,G,-,-,-,-,-,-,-,-,-,-,-,-,-,-,-,-,-,G,G,A,-,-
224,1v29ABAB_intAB,0.08592,-,-,-,-,-,-,-,-,G,L,-,-,-,-,-,-,-,-,-,-,-,-,-,-,-,-,-,-,-,G,-,-,L,-,-
225,1v2fABAB_intAB,0.08141,Q,Y,-,-,-,-,G,-,-,-,-,-,-,-,-,-,-,-,-,-,-,-,-,-,-,-,-,-,-,-,-,-,A,-,-
226,1v6zABAB_intAB,0.10849,L,-,-,-,A,G,R,-,-,-,-,-,-,-,-,-,-,-,-,-,-,-,G,-,-,-,-,-,-,-,-,-,-,-,-
227,1va0ABAB_intAB,0.09482,-,-,-,-,-,-,-,G,A,-,-,-,-,-,-,-,-,-,-,T,-,-,-,-,-,-,-,-,G,-,-,-,A,-,V
228,1vayEHEH_intEH,0.08910,-,Q,G,-,I,A,-,-,-,-,-,-,-,-,-,-,-,-,-,-,-,-,N,-,Y,-,-,-,-,-,-,-,-,-,-
229,1vddABAB_intAB,0.08775,-,G,T,-,A,G,-,-,R,-,-,-,G,-,-,-,-,-,-,-,-,-,G,-,-,A,-,-,-,-,-,-,-,-,-
230,1vh5ABAB_intAB,0.10813,-,-,G,-,-,N,N,-,-,-,-,-,-,-,-,-,-,G,-,V,-,-,N,-,-,-,-,-,-,-,-,-,-,-,-
231,1vi0ABAB_intAB,0.11471,-,-,S,G,-,-,-,-,-,-,N,-,-,-,-,I,-,S,G,-,-,-,-,-,-,-,-,-,-,-,-,-,-,-,-
232,1vj0ACAC_intAC,0.11354,-,-,-,-,-,-,L,N,T,-,-,-,-,-,-,-,-,-,-,-,-,-,-,-,-,-,-,-,N,-,-,-,K,-,G
233,1vlaABAB_intAB,0.10686,-,-,-,-,-,-,P,V,G,-,E,-,-,-,-,-,-,-,-,-,-,-,-,-,-,-,-,-,P,-,-,V,-,-,G
234,1vpmCBBC_intBC,0.10894,-,-,G,A,-,-,S,D,S,D,-,-,-,-,-,-,-,-,-,-,-,-,-,G,-,-,-,-,S,-,-,D,S,-,D
235,1vraABAB_intAB,0.11347,-,-,V,-,G,A,-,-,-,-,-,-,-,-,-,-,-,-,-,-,-,S,-,V,T,-,-,-,-,G,-,-,-,-,-
236,1vszACAC_intAC,0.10967,-,P,-,-,Q,G,-,-,-,-,-,-,-,-,-,E,G,Q,-,-,-,-,-,-,-,-,-,-,-,-,-,-,-,-,-
237,1vz0EFEF_intEF,0.07637,E,-,-,-,-,R,-,-,-,-,-,-,-,-,-,-,-,-,-,-,-,-,R,-,-,-,-,-,-,-,-,-,-,-,-
238,1w0mCDCD_intCD,0.10858,-,-,K,-,-,-,-,-,G,-,-,-,-,-,-,-,-,-,-,-,-,-,-,-,T,-,-,-,-,-,-,-,A,-,-
239,1w4zABAB_intAB,0.10911,-,-,-,-,-,-,A,G,G,K,-,-,-,-,-,-,-,-,-,-,-,-,-,-,-,-,-,-,-,-,-,A,-,G,G
240,1w6uACAC_intAC,0.10377,-,-,-,-,-,-,G,S,-,-,-,-,-,-,-,-,-,-,-,-,-,-,-,-,-,-,-,-,-,-,-,-,-,-,S
241,1wkgABAB_intAB,0.11405,-,-,K,-,-,-,G,-,-,-,-,-,-,-,-,-,-,-,-,-,-,A,M,-,T,-,-,-,-,-,-,-,-,-,-
242,1wkqABAB_intAB,0.11650,-,-,-,-,-,-,M,-,G,-,-,-,-,-,-,-,-,-,-,-,-,-,-,-,-,-,-,-,-,-,-,-,M,G,-
243,1wlhABAB_intAB,0.10077,-,-,-,-,-,-,F,-,F,F,-,-,-,-,-,-,-,-,-,-,-,-,-,-,-,-,-,-,-,-,-,F,F,V,-
244,1wmpABAB_intAB,0.08821,S,-,-,-,-,-,-,-,S,D,-,-,-,-,-,-,-,-,-,-,-,-,-,-,-,-,-,-,-,-,-,-,E,-,-
245,1wnbCDCD_intCD,0.10791,-,-,-,N,G,L,A,-,-,-,-,-,-,-,-,-,-,-,-,-,-,-,N,G,L,-,-,-,-,-,-,-,-,-,-
246,1woxABAB_intAB,0.11375,-,H,P,T,-,V,-,G,-,-,-,-,-,-,H,P,-,T,V,-,-,-,-,-,-,-,-,-,-,-,-,-,-,-,-
247,1ws2BDBD_intBD,0.08563,-,K,-,-,-,-,S,-,-,-,-,-,-,-,-,-,-,-,-,-,-,-,-,-,-,-,-,-,-,-,-,I,-,-,S
248,1ws3CDCD_intCD,0.11986,-,-,-,A,-,Y,-,K,-,-,Y,-,G,-,-,I,-,C,-,-,-,-,-,-,-,-,-,-,-,-,-,-,-,-,-
249,1wwsEFEF_intEF,0.10672,-,-,-,P,G,L,-,-,-,-,-,-,-,-,-,-,-,-,-,P,G,-,L,L,-,-,-,-,-,-,-,-,-,-,-
250,1wyvEFEF_intEF,0.14948,-,G,-,-,-,G,G,P,-,N,-,-,-,-,-,L,A,-,-,-,-,-,Y,T,-,-,-,-,-,-,P,-,-,-,A
251,1wz3ABAB_intAB,0.09986,G,-,-,V,Y,N,-,A,S,-,-,-,N,-,-,-,-,-,-,-,Y,-,-,-,-,-,-,-,-,-,-,-,-,-,-
252,1x0gBDBD_intBD,0.10524,-,-,-,-,-,-,G,D,-,-,-,-,-,-,-,-,-,-,-,-,-,-,-,-,-,-,-,-,-,-,-,-,-,-,E
253,1x6vABAB_intAB,0.10750,-,-,-,F,-,-,R,-,G,-,-,-,-,-,-,-,F,-,-,-,-,-,-,-,-,-,-,-,-,-,-,E,R,-,G
254,1x7iABAB_intAB,0.08720,-,-,-,-,-,-,G,-,-,-,-,-,G,-,-,-,-,-,-,-,-,-,-,-,-,-,A,-,-,-,-,-,-,-,-
255,1x8dABAB_intAB,0.08153,-,-,-,-,-,N,-,A,Y,-,-,N,-,-,-,-,-,-,-,-,-,Y,P,-,-,-,-,-,-,-,-,-,-,-,-
256,1xcpCDCD_intCD,0.10962,-,-,-,-,-,-,-,-,G,-,-,-,-,-,-,-,-,-,-,-,-,-,-,-,-,-,-,-,-,-,-,V,G,-,-
257,1xeaABAB_intAB,0.11403,-,-,-,-,-,-,G,I,-,-,-,-,-,-,-,-,-,-,-,-,-,-,-,-,-,-,-,-,-,-,-,N,V,R,N
258,1xqbABAB_intAB,0.08631,-,-,A,-,-,-,F,-,-,-,-,-,-,-,-,-,-,-,-,-,-,-,-,-,G,S,-,-,-,-,-,-,-,-,-
259,1xseABAB_intAB,0.11795,-,-,-,-,-,-,A,A,G,-,L,-,-,-,-,-,-,-,-,-,-,-,-,-,-,-,-,-,-,-,-,A,-,A,G
260,1y07CDCD_intCD,0.09935,-,-,G,-,F,G,-,-,G,-,-,-,-,-,-,-,-,-,-,-,-,-,F,-,G,-,-,Q,K,-,-,-,-,-,-
261,1y2mACAC_intAC,0.10844,-,-,-,-,-,-,G,-,-,-,-,-,-,-,-,-,-,-,-,-,-,-,-,-,-,-,-,-,-,-,-,-,G,L,-
262,1y2mCBBC_intBC,0.08822,-,G,-,-,-,S,-,-,-,-,-,-,-,-,-,-,-,-,-,-,-,-,A,-,-,-,-,-,-,-,-,-,-,-,-
263,1y5nABAB_intAB,0.08753,R,-,I,-,-,-,-,-,-,-,-,-,-,-,-,-,-,-,-,-,-,-,-,-,P,-,-,-,-,-,-,-,-,-,-
264,1y7aABAB_intAB,0.09304,-,-,-,-,-,-,S,-,-,S,-,-,-,-,-,-,-,-,-,-,-,-,-,-,-,-,-,-,-,-,S,-,-,-,S
265,1y7pACAC_intAC,0.11356,-,-,-,-,-,-,S,-,D,-,-,-,-,-,-,-,-,-,-,-,-,-,-,-,-,-,-,-,-,-,-,D,-,M,-
266,1y8rABAB_intAB,0.09998,-,-,-,-,-,-,V,-,G,-,-,-,-,-,-,-,-,-,-,-,-,-,-,-,-,-,-,-,-,-,-,T,-,V,-
267,1y9eCFCF_intCF,0.11374,-,-,-,-,-,G,S,-,L,G,-,-,-,-,-,-,-,-,-,-,-,-,-,-,-,-,-,-,F,-,-,G,S,-,L
268,1ya5ATAT_intAT,0.11492,-,-,-,-,-,-,S,-,A,-,-,-,-,-,-,-,-,-,-,-,-,-,-,-,-,-,-,-,-,-,-,S,-,-,V
269,1yabABAB_intAB,0.11138,-,-,N,G,-,R,-,-,-,-,-,-,-,-,-,I,-,E,-,-,-,-,-,-,-,-,-,-,-,-,-,-,-,-,-
270,1yb5ABAB_intAB,0.09202,-,-,-,-,-,-,-,-,N,T,M,-,-,-,-,-,-,-,-,-,-,-,-,-,-,-,-,-,-,-,-,-,T,-,-
271,1ydgCDCD_intCD,0.12138,-,-,-,-,K,L,G,-,-,-,-,-,-,-,-,-,-,-,-,-,-,K,L,G,-,-,-,-,-,-,-,-,-,-,-
272,1ye9KOKO_intKO,0.09648,-,-,-,G,-,F,-,P,-,-,-,-,-,-,-,-,-,-,-,-,-,G,M,L,-,-,-,-,-,G,-,-,-,-,-
273,1ygpABAB_intAB,0.11565,-,-,-,-,-,-,F,-,L,-,-,-,-,-,-,-,-,-,-,-,-,-,-,-,-,-,-,-,-,-,-,E,T,P,-
274,1yl7EHEH_intEH,0.10082,-,-,-,-,-,-,-,G,A,-,G,-,-,-,-,G,-,-,-,-,-,-,A,-,-,-,-,G,-,-,-,-,A,-,-
275,1yocABAB_intAB,0.09176,-,-,-,-,-,-,-,G,T,-,-,-,-,-,-,-,-,-,-,-,-,-,-,-,-,-,-,G,-,-,-,-,T,-,-
276,1yqxABAB_intAB,0.11933,-,-,-,-,-,-,-,-,I,I,-,-,-,-,-,-,-,-,-,-,-,-,-,-,-,-,-,-,-,-,A,G,S,-,-
277,1z2iABAB_intAB,0.08158,-,-,G,-,-,-,-,-,-,-,-,-,-,-,-,-,-,-,-,-,G,-,-,-,F,-,-,-,-,-,-,-,-,-,-
278,1z2lABAB_intAB,0.10932,-,-,S,-,-,-,K,-,-,-,-,-,-,-,-,-,-,-,S,-,-,-,-,-,-,-,-,-,-,-,-,-,-,-,N
279,1z4eABAB_intAB,0.13052,-,-,-,-,-,-,A,-,H,G,-,-,-,-,-,-,-,-,-,-,-,-,-,-,-,-,-,D,-,-,H,-,G,L,K
280,1z7s1313_int13,0.10871,-,-,C,-,-,-,W,-,-,-,-,-,-,-,-,-,-,-,-,-,-,E,-,-,N,-,-,-,-,-,-,-,-,-,-
281,1z7z1212_int12,0.10673,-,-,-,-,-,L,E,-,-,-,-,-,-,-,-,-,-,-,-,-,H,-,P,V,-,-,-,-,-,-,-,-,-,-,-
282,1zbqCDCD_intCD,0.12516,-,-,A,-,G,G,L,N,S,-,-,-,G,-,-,A,-,G,G,L,-,-,-,-,-,-,-,-,-,-,-,-,-,-,-
283,1zczABAB_intAB,0.10306,G,-,-,S,-,A,-,-,-,-,-,-,-,-,-,-,-,-,-,-,S,-,A,-,-,-,-,-,-,-,-,-,-,-,-
284,1zk3ABAB_intAB,0.10994,-,A,G,A,-,S,-,-,-,-,-,G,P,-,-,-,A,G,A,-,-,-,-,-,-,-,-,-,-,-,-,-,-,-,-
285,1zkmCDCD_intCD,0.09519,-,-,-,Q,-,-,T,-,-,-,-,-,-,-,-,-,-,-,-,-,G,-,L,-,-,-,-,-,-,-,-,-,-,-,-
286,1zupABAB_intAB,0.10829,-,-,-,-,-,E,E,-,-,-,-,-,-,-,-,-,-,-,-,-,-,E,E,-,-,-,-,-,-,-,I,-,-,-,-
287,1zzgABAB_intAB,0.12709,-,-,A,-,L,G,-,-,-,-,-,-,-,-,-,-,-,-,-,Q,-,-,G,-,-,-,-,-,-,-,-,-,-,-,-
288,2a4wABAB_intAB,0.11473,-,-,-,-,-,-,-,-,P,G,F,-,-,-,-,-,V,-,-,-,-,-,-,-,-,-,-,-,-,-,P,-,G,-,-
289,2a50ABAB_intAB,0.11547,-,-,-,-,P,G,T,-,-,-,-,-,-,-,-,-,-,-,-,-,-,-,F,I,-,-,-,-,-,-,-,-,-,Y,A
290,2a5hCDCD_intCD,0.08039,-,-,D,G,-,-,-,-,-,-,-,-,-,-,-,-,-,-,-,D,-,-,-,-,G,-,-,-,-,-,-,-,-,-,-
291,2a5vABAB_intAB,0.10746,-,-,-,-,-,-,G,-,-,-,-,-,-,-,S,-,-,-,-,-,-,-,-,-,-,-,-,-,-,-,-,-,-,Y,V
292,2a9fABAB_intAB,0.07549,-,-,-,-,-,-,L,P,-,-,-,-,-,-,-,-,-,-,-,-,-,-,-,-,-,-,-,-,-,-,-,L,-,-,-
293,2achABAB_intAB,0.09020,-,-,-,-,-,-,-,-,I,F,-,-,-,-,-,-,-,-,-,-,-,-,-,-,-,-,-,-,-,-,-,-,A,-,-
294,2acmABAB_intAB,0.09714,-,-,-,-,-,V,V,-,-,-,I,-,-,-,-,H,-,-,-,-,-,-,-,-,-,-,-,-,-,-,-,-,-,I,F
295,2adlABAB_intAB,0.12480,-,-,T,-,-,S,-,-,-,-,-,-,-,-,-,-,-,-,T,-,T,S,Y,-,-,-,-,-,-,-,-,-,-,-,-
296,2ahbABAB_intAB,0.10104,-,-,-,-,G,-,G,-,G,-,-,-,-,-,-,-,-,-,-,-,-,-,-,-,-,-,-,-,-,-,-,P,P,M,-
297,2ap9AFAF_intAF,0.08425,-,-,V,-,-,-,D,A,-,-,-,G,-,-,-,V,-,-,D,A,-,-,-,-,-,-,-,-,-,-,-,-,-,-,-
298,2axwABAB_intAB,0.08655,-,-,-,-,A,-,-,-,-,P,-,-,-,-,-,-,-,-,-,-,-,-,L,-,-,-,-,-,-,-,-,-,-,-,-
299,2b9uBDBD_intBD,0.08392,-,-,-,-,-,-,F,E,-,K,-,-,-,-,-,-,-,-,-,-,-,-,-,-,-,S,-,-,-,-,-,-,-,-,-
300,2begEDDE_intDE,0.08319,-,F,-,-,-,-,G,-,-,-,G,-,-,-,-,-,-,-,F,-,-,-,-,-,-,G,-,-,-,-,-,-,-,-,-
301,2beiABAB_intAB,0.11183,A,-,-,-,C,F,-,-,-,-,-,-,E,-,-,R,-,-,-,L,-,-,A,-,-,-,-,-,-,-,-,-,-,-,-
302,2bh8ABAB_intAB,0.11644,-,-,-,V,-,V,-,F,-,S,G,-,D,-,-,G,-,F,-,-,-,-,-,-,-,-,-,-,Q,-,-,-,-,-,-
303,2bjoABAB_intAB,0.11205,-,-,P,-,-,G,-,-,-,-,S,-,G,-,-,-,-,-,-,-,-,P,-,-,G,-,-,-,-,-,-,-,-,-,-
304,2bruABAB_intAB,0.08934,-,-,-,-,-,-,R,-,-,-,L,-,-,-,-,S,-,-,-,-,-,-,-,-,-,-,-,-,-,-,-,-,-,T,Q
305,2btiABAB_intAB,0.08712,R,-,G,-,-,-,-,-,-,-,-,-,-,-,-,-,-,-,-,-,-,-,-,-,I,-,-,-,-,-,-,-,-,-,-
306,2bz3CDCD_intCD,0.09538,-,-,-,T,K,H,-,-,-,-,-,-,-,S,-,-,G,-,-,G,-,-,-,-,-,-,-,-,-,-,-,-,-,-,-
307,2c0cABAB_intAB,0.10543,-,L,S,-,S,-,-,-,-,-,-,-,-,-,-,S,Q,G,F,-,-,-,-,-,-,-,-,-,-,-,-,-,-,-,-
308,2c0rABAB_intAB,0.07887,-,-,-,-,-,P,-,-,-,-,-,-,-,-,-,-,-,-,-,-,A,-,G,-,-,-,P,-,-,-,-,-,-,-,-
309,2c3oABAB_intAB,0.11901,-,-,-,-,-,K,G,E,-,-,-,-,-,-,-,-,-,-,-,-,-,-,A,-,-,H,-,-,-,-,-,-,-,A,D
310,2c44BDBD_intBD,0.10890,-,-,-,-,-,-,I,-,-,-,A,F,-,-,-,I,R,-,-,-,-,A,-,-,-,-,-,-,-,-,-,-,-,-,T
311,2c6xABAB_intAB,0.09989,-,G,-,T,-,-,-,-,-,-,-,-,-,-,-,-,F,-,-,-,-,-,-,S,-,A,-,-,-,-,-,-,-,-,-
312,2cb2DFDF_intDF,0.09649,-,-,G,G,-,-,-,-,-,-,-,-,-,-,-,-,-,-,-,S,Q,-,-,-,-,-,-,-,-,-,-,-,-,-,-
313,2cdcACAC_intAC,0.10194,-,-,-,-,-,-,-,-,T,I,-,-,-,-,-,-,-,-,-,-,-,-,-,-,-,-,-,-,-,-,T,-,I,G,-
314,2cg4ABAB_intAB,0.10934,-,A,A,R,I,-,-,-,-,-,-,-,-,-,-,-,A,R,I,-,-,-,-,-,-,-,-,-,-,-,-,-,-,-,-
315,2cg9ABAB_intAB,0.10839,-,-,-,-,-,-,G,T,S,-,-,-,-,-,-,-,-,-,-,-,-,-,-,-,-,-,-,-,E,-,-,-,-,-,A
316,2ch8ADAD_intAD,0.12001,-,-,-,-,-,S,-,-,G,Y,-,-,S,-,-,-,-,-,-,-,-,-,-,-,-,-,-,-,-,E,A,-,G,Y,-
317,2cmeABAB_intAB,0.11036,-,V,-,-,-,-,-,-,-,-,K,-,-,-,-,-,L,L,-,M,-,-,-,-,-,-,-,-,-,-,-,-,-,-,-
318,2cn4ABAB_intAB,0.07822,-,G,-,-,-,-,-,-,-,-,-,-,-,-,-,-,G,-,-,-,-,I,-,-,-,-,-,-,G,S,-,-,-,-,-
319,2co3ABAB_intAB,0.09614,-,-,-,-,-,-,P,T,-,-,D,-,-,-,-,Q,-,-,-,-,-,-,-,-,-,-,-,-,-,-,-,D,-,-,-
320,2cwxAEAE_intAE,0.09941,-,-,-,-,-,-,G,-,-,S,-,-,-,-,-,-,-,-,-,-,-,-,-,-,-,-,-,-,-,-,G,-,-,A,M
321,2cxeCBBC_intBC,0.09586,-,-,-,-,-,-,-,G,M,-,-,-,-,-,-,-,-,-,-,-,-,-,-,-,-,-,-,-,G,P,G,-,-,-,-
322,2cycABAB_intAB,0.09728,-,E,K,G,-,-,-,-,-,-,-,-,-,-,-,-,-,E,K,G,-,-,-,-,-,-,-,-,-,-,-,-,-,-,-
323,2d1cABAB_intAB,0.09354,-,-,-,G,-,-,H,-,-,-,V,-,-,-,-,S,-,-,-,-,N,-,-,K,-,-,F,-,-,-,-,-,-,-,-
324,2d4vCDCD_intCD,0.09214,-,-,-,-,-,-,N,K,G,-,-,-,-,-,-,-,-,-,-,-,-,-,-,-,-,-,-,V,-,-,-,-,G,-,-
325,2d6fABAB_intAB,0.10567,-,-,-,-,-,M,T,-,-,-,-,-,-,-,-,-,-,-,-,-,-,-,C,-,-,-,-,-,-,-,-,-,-,-,G
326,2d7vABAB_intAB,0.10317,-,-,-,-,P,-,-,-,-,S,-,-,-,-,-,-,-,-,-,-,-,-,A,-,-,-,-,-,-,-,F,-,V,-,-
327,2dbbABAB_intAB,0.10730,-,-,-,-,-,T,P,-,-,-,-,-,-,-,-,-,-,-,-,-,-,-,S,-,-,-,-,I,-,-,-,S,-,-,-
328,2dc1ABAB_intAB,0.09429,-,-,-,G,A,-,-,-,-,-,M,-,-,-,-,-,G,G,M,-,-,-,-,-,-,-,-,-,-,-,-,-,-,-,-
329,2dkoABAB_intAB,0.09478,-,-,-,-,-,-,-,G,Y,-,-,-,-,-,-,-,-,-,-,-,-,-,-,-,-,-,-,G,-,-,-,E,-,-,-
330,2dm6ABAB_intAB,0.11013,-,-,-,P,G,-,-,-,-,I,-,-,-,-,-,-,-,P,-,-,-,-,G,-,-,-,-,-,-,-,G,-,-,-,-
331,2dphABAB_intAB,0.13029,-,-,V,G,G,R,-,-,-,-,-,-,-,-,-,-,-,-,-,-,-,-,D,G,-,-,-,-,-,-,-,-,-,-,-
332,2du4ABAB_intAB,0.10255,-,-,G,-,-,-,-,-,Y,-,-,-,-,-,-,-,-,-,-,-,-,-,-,-,S,-,-,-,K,-,-,-,-,-,-
333,2du7CDCD_intCD,0.09511,-,-,-,-,-,-,-,L,G,-,-,-,-,-,-,-,-,-,-,-,-,-,-,-,-,-,-,-,-,-,-,Y,G,-,-
334,2dvmCDCD_intCD,0.10138,-,-,-,-,-,-,T,S,-,-,-,-,-,-,-,-,-,-,-,-,-,-,-,-,-,-,-,-,-,-,-,-,-,-,G
335,2dwcABAB_intAB,0.13277,-,-,D,E,-,G,G,-,-,-,-,-,-,-,-,-,-,-,-,-,-,-,R,R,L,-,-,-,-,-,-,-,-,G,-
336,2e5wCDCD_intCD,0.07789,-,-,-,-,-,-,-,-,Y,-,P,-,-,-,-,-,-,-,-,-,-,-,-,-,-,-,-,-,-,-,-,-,P,-,-
337,2e9fABAB_intAB,0.11212,-,-,-,G,-,-,N,-,-,-,-,-,-,-,-,-,-,-,-,R,-,-,G,G,-,-,-,-,-,-,-,-,-,-,-
338,2ebdABAB_intAB,0.08949,-,-,A,-,-,-,-,-,I,-,-,-,-,-,-,-,-,-,-,-,-,-,-,-,-,-,-,-,-,-,-,-,I,-,-
339,2ej0BDBD_intBD,0.11530,-,-,-,Y,G,G,-,-,-,-,-,-,-,-,-,-,-,-,-,-,-,-,G,G,-,-,-,-,-,-,-,-,-,-,G
340,2ejvABAB_intAB,0.08983,-,-,-,D,-,V,-,-,F,-,-,-,-,-,-,-,-,-,-,P,-,-,-,-,D,-,-,V,-,-,-,-,T,-,-
341,2ejwABAB_intAB,0.11215,-,-,-,-,-,L,A,-,V,-,-,-,-,-,-,-,-,-,-,-,-,-,-,-,-,-,-,-,-,-,-,V,-,-,G
342,2el7ABAB_intAB,0.10959,-,-,-,-,-,-,-,W,G,-,-,-,-,-,-,-,-,-,-,-,-,-,-,-,-,-,-,-,-,-,-,T,-,-,P
343,2epnABAB_intAB,0.10303,N,-,-,-,-,-,I,G,G,-,-,-,-,-,-,-,-,-,-,-,-,-,-,-,-,-,-,-,-,N,-,I,G,-,G
344,2eq9ABAB_intAB,0.11111,-,-,-,-,-,P,-,L,D,-,-,-,-,-,-,-,-,-,-,-,-,-,-,-,-,-,-,-,-,-,-,-,G,-,L
345,2es4BEBE_intBE,0.10888,-,-,A,-,-,V,V,-,-,-,-,-,G,-,-,-,-,-,-,-,-,-,A,-,G,-,-,-,-,-,-,-,-,-,-
346,2euiEDDE_intDE,0.08883,-,-,-,-,-,S,-,-,-,-,-,-,-,-,-,-,-,-,-,E,-,-,N,-,-,-,-,-,-,-,-,-,-,-,-
347,2f0cCBBC_intBC,0.11483,I,G,K,-,-,-,-,-,-,-,-,-,-,-,H,-,K,G,D,-,-,-,-,-,-,-,-,-,-,-,-,-,-,-,-
348,2f4fABAB_intAB,0.08827,-,-,-,-,-,-,A,G,-,-,-,-,-,-,-,-,-,-,-,-,-,-,-,-,-,-,-,-,-,-,-,-,-,-,G
349,2f7sABAB_intAB,0.12166,-,-,I,T,-,G,-,D,-,-,-,-,-,-,-,I,-,T,-,G,-,-,-,-,-,-,-,-,-,-,-,-,-,-,-
350,2f9wABAB_intAB,0.11182,-,G,Y,-,-,-,G,-,-,-,-,-,-,-,-,-,-,P,-,A,-,G,-,-,-,-,-,-,-,-,-,-,-,-,-
351,2fe3ABAB_intAB,0.10771,-,-,-,-,-,-,-,-,I,G,C,-,-,-,-,-,F,-,-,-,-,-,V,-,-,-,-,-,-,-,-,H,-,-,-
352,2fe7ABAB_intAB,0.11446,L,-,P,-,-,W,-,-,-,-,-,S,L,-,-,-,W,R,Y,R,-,-,-,-,-,-,-,-,-,-,-,-,-,-,-
353,2fjaABAB_intAB,0.09466,-,-,-,-,-,-,K,K,-,-,-,-,-,-,-,-,-,-,-,-,-,I,-,-,-,-,-,-,-,-,-,-,-,-,E
354,2g25ABAB_intAB,0.11774,-,-,P,G,-,-,I,G,-,-,-,-,-,-,-,-,-,P,G,-,-,I,-,-,-,G,-,-,-,-,-,-,-,-,-
355,2g3dABAB_intAB,0.11184,-,-,-,-,-,-,K,-,I,-,-,-,-,-,-,-,-,-,-,-,-,-,-,-,-,-,-,-,-,-,-,H,-,-,V
356,2g4oCDCD_intCD,0.10140,-,-,-,-,-,L,S,-,-,-,-,-,-,-,-,-,-,-,-,-,-,L,-,-,-,S,-,-,-,-,-,-,-,-,-
357,2gd6CDCD_intCD,0.07621,-,-,-,-,-,-,-,-,-,-,G,-,G,-,-,G,-,-,-,-,-,-,-,-,-,-,-,-,-,-,-,-,-,-,-
358,2ge8CDCD_intCD,0.09854,-,C,-,E,-,K,-,E,T,-,-,-,-,-,-,-,P,-,-,-,-,-,-,R,-,-,-,K,-,-,-,-,-,-,-
359,2gezGHGH_intGH,0.15147,-,W,S,-,A,L,H,G,-,-,-,-,V,-,-,C,A,-,-,-,-,R,-,C,T,-,-,-,-,-,-,-,-,-,-
360,2gl5ABAB_intAB,0.11024,-,-,-,-,-,-,K,A,G,-,-,-,-,-,-,-,-,-,-,-,-,-,-,-,-,-,-,-,-,-,-,A,-,-,G
361,2gl9CDCD_intCD,0.11129,-,-,-,-,-,-,-,A,C,I,-,-,-,-,-,-,-,-,-,-,-,-,-,-,-,-,-,-,-,-,A,T,P,-,-
362,2gqdABAB_intAB,0.10820,-,-,-,I,-,K,P,-,-,-,-,-,-,-,-,-,-,-,-,-,-,T,G,A,-,-,-,-,-,-,-,-,-,-,-
363,2gqqCDCD_intCD,0.10556,-,-,-,-,Q,-,G,-,-,-,-,-,-,-,-,-,-,-,-,-,-,Y,T,A,-,-,-,-,-,-,-,-,-,-,-
364,2gsyQPPQ_intPQ,0.11256,-,-,-,-,-,-,Y,-,I,-,-,-,-,-,-,-,-,-,-,-,-,-,-,-,-,-,-,-,-,-,A,A,-,-,C
365,2gueABAB_intAB,0.10676,-,L,H,-,-,Y,-,-,-,-,E,-,-,-,L,H,-,-,-,-,-,-,-,-,Y,-,-,-,-,-,-,-,-,-,-
366,2gvhCBBC_intBC,0.12254,-,-,E,R,-,D,-,-,-,-,-,-,-,-,-,-,-,-,-,-,-,-,S,E,R,-,-,-,-,-,-,-,-,-,-
367,2gw4ABAB_intAB,0.13168,-,M,G,-,-,-,-,P,S,-,-,-,-,-,-,-,-,V,-,F,-,-,-,-,-,-,-,Y,-,-,-,-,-,-,-
368,2gya3535_int35,0.10161,-,A,E,K,-,-,-,-,-,-,-,-,-,-,-,-,V,A,-,-,-,-,-,-,-,-,-,-,-,-,-,-,-,-,-
369,2gyoABAB_intAB,0.10089,-,-,-,-,-,H,P,-,C,-,-,-,-,-,-,-,-,-,-,-,-,-,-,-,-,-,-,-,H,-,-,-,G,G,-
370,2h0qABAB_intAB,0.09248,-,-,-,-,-,-,-,G,P,G,-,-,-,-,-,-,-,-,-,-,-,-,-,-,-,-,-,-,G,-,-,-,P,-,-
371,2h1tABAB_intAB,0.08872,-,-,-,-,-,P,S,-,F,-,-,-,P,-,-,-,-,-,-,-,-,S,-,-,-,-,-,G,-,-,-,-,-,-,-
372,2h2nABAB_intAB,0.11232,-,-,-,L,-,E,-,-,-,-,-,-,-,-,-,L,-,E,-,-,-,-,-,-,-,-,-,-,-,-,-,-,-,-,-
373,2h4oCBBC_intBC,0.10590,-,-,V,-,Q,-,-,-,-,-,-,-,-,-,-,-,-,-,-,-,-,S,-,K,E,-,-,-,-,-,-,-,-,-,-
374,2hayABAB_intAB,0.10821,-,-,-,V,-,-,-,V,-,-,-,-,-,-,-,-,-,-,-,-,-,-,-,R,-,-,-,-,-,-,-,-,-,-,V
375,2hcyCDCD_intCD,0.12615,-,-,K,-,C,-,-,V,S,-,-,-,-,-,-,-,-,-,-,-,-,-,C,-,D,-,-,S,-,-,-,-,V,-,G
376,2hf0ABAB_intAB,0.10772,-,-,-,-,-,-,-,-,G,-,-,-,-,-,-,-,-,-,-,-,-,-,-,-,-,-,-,-,-,-,-,P,G,-,-
377,2hl3ABAB_intAB,0.08595,-,-,-,-,-,-,V,-,-,-,-,-,-,-,-,-,-,-,-,-,-,-,V,E,I,-,-,-,-,-,-,-,-,-,-
378,2hntCFCF_intCF,0.09230,-,-,-,-,-,-,-,-,G,G,-,-,-,-,-,-,-,-,-,-,-,-,-,-,-,-,-,-,-,-,-,-,A,-,-
379,2hntEFEF_intEF,0.12566,-,-,K,R,-,T,-,G,-,-,-,-,-,-,-,V,-,N,-,P,-,-,-,-,-,-,-,-,-,-,-,-,G,-,D
380,2hp2ABAB_intAB,0.08156,-,-,-,-,-,-,-,-,G,-,-,-,-,-,-,-,-,-,-,-,-,-,-,-,-,-,-,-,T,G,-,-,-,-,-
381,2hr0ABAB_intAB,0.10767,-,-,D,-,-,-,-,-,I,-,S,-,-,-,-,-,A,R,-,-,-,-,-,-,-,-,-,-,-,-,-,-,A,-,-
382,2huzABAB_intAB,0.11261,-,-,-,H,-,-,K,T,-,-,-,-,-,-,-,-,-,-,-,-,T,-,-,-,-,-,-,-,-,-,C,-,-,-,R
383,2hwf1313_int13,0.09304,-,-,-,-,-,-,-,-,S,-,-,-,-,-,-,-,-,-,-,-,-,-,-,-,-,-,-,-,-,-,-,E,Q,-,-
384,2hzlABAB_intAB,0.07729,-,-,Q,-,-,-,-,-,-,A,-,-,-,-,-,-,-,-,A,-,-,Q,-,-,-,-,-,-,-,-,-,-,-,-,-
385,2i19ABAB_intAB,0.07382,-,M,-,-,-,-,-,P,D,-,-,-,-,-,-,-,-,-,-,-,-,-,-,-,-,-,-,-,-,-,-,P,S,-,-
386,2i52ABAB_intAB,0.10547,-,-,-,G,I,G,A,-,-,-,-,-,-,F,-,G,I,-,-,-,-,-,G,-,-,-,-,-,-,-,-,-,-,-,A
387,2ia0ABAB_intAB,0.10252,-,Y,-,-,-,-,-,-,-,-,I,-,-,-,-,Y,-,I,-,G,-,-,-,-,-,-,-,-,-,-,-,-,-,-,-
388,2ib8CDCD_intCD,0.10499,-,-,-,-,-,-,G,Q,-,-,-,-,-,-,-,-,-,-,-,-,-,-,-,-,-,-,-,-,-,-,-,-,-,-,D
389,2ibdABAB_intAB,0.10574,-,-,-,-,-,-,L,D,G,A,-,-,-,-,-,-,-,-,-,-,-,-,-,-,-,-,-,-,-,-,-,D,G,-,A
390,2ibpABAB_intAB,0.11254,-,E,T,-,-,-,C,-,G,H,-,-,-,-,-,-,-,T,-,-,G,-,-,-,-,-,-,-,-,-,-,-,-,S,S
391,2icfABAB_intAB,0.10072,-,-,-,-,-,-,-,-,V,-,A,-,-,-,S,-,I,-,-,-,-,-,-,-,-,-,-,-,-,-,-,-,S,S,-
392,2ideHKHK_intHK,0.08398,-,-,-,-,-,S,Q,-,-,-,-,-,-,-,-,-,-,-,-,-,-,Q,-,-,-,-,-,-,-,-,-,-,-,-,-
393,2ifcACAC_intAC,0.10428,-,-,-,-,-,A,-,S,-,-,I,-,-,-,-,-,-,-,A,S,A,-,A,-,-,-,-,-,-,-,-,-,-,-,G
394,2ii3ABAB_intAB,0.09623,-,-,-,-,-,-,N,T,R,-,-,-,T,-,-,-,-,-,-,-,-,-,-,-,-,-,-,-,V,-,-,-,-,-,-
395,2iirABAB_intAB,0.11448,-,-,-,-,-,K,G,A,-,-,-,-,-,-,-,-,-,-,-,-,-,-,-,-,-,-,-,-,-,-,-,K,-,G,A
396,2isaACAC_intAC,0.09885,-,-,-,-,-,-,G,C,-,A,-,-,-,-,-,-,-,-,-,-,-,-,-,-,-,-,-,-,-,-,-,-,-,-,G
397,2isaCDCD_intCD,0.11588,-,-,-,-,-,G,A,-,-,-,-,-,-,-,-,-,-,-,-,-,-,G,A,-,-,-,-,-,-,-,-,-,-,-,-
398,2iskCDCD_intCD,0.12795,-,-,A,-,G,A,-,-,-,-,-,-,-,-,-,-,-,-,-,-,-,E,G,-,R,-,-,-,-,-,-,-,-,-,-
399,2iu3ABAB_intAB,0.08767,-,-,-,-,-,-,-,-,R,-,Q,-,-,-,-,-,-,-,-,-,-,-,-,-,-,-,-,-,-,-,-,-,R,-,-
400,2ivfABAB_intAB,0.08454,-,-,-,-,-,-,T,-,-,-,-,V,-,-,-,-,-,-,-,-,-,-,-,-,-,-,Q,-,-,-,-,-,-,-,-
401,2iwkABAB_intAB,0.10541,-,-,-,-,Q,T,-,-,-,-,-,-,-,-,-,-,-,-,-,-,-,-,A,-,-,-,-,-,-,-,-,-,-,-,-
402,2ix4ABAB_intAB,0.11273,-,-,G,M,Q,P,-,-,-,-,-,-,-,-,-,S,G,A,G,-,-,-,-,-,-,-,-,-,-,-,-,-,-,-,-
403,2ixkABAB_intAB,0.11815,-,-,Q,-,N,S,-,-,-,-,-,-,-,-,-,-,-,-,-,-,-,F,-,E,N,-,-,-,-,-,-,-,-,-,-
404,2izzCDCD_intCD,0.12082,-,-,-,-,I,-,A,S,-,-,-,-,-,-,-,G,-,-,-,-,-,-,-,-,-,-,-,-,-,-,-,A,A,-,-
405,2j2mABAB_intAB,0.08174,-,-,-,-,-,-,-,-,P,-,-,-,-,-,-,-,-,-,-,-,-,-,-,-,-,-,-,-,P,G,-,-,-,-,-
406,2j2mADAD_intAD,0.07485,-,-,-,Y,-,-,-,-,-,-,-,-,-,-,-,-,-,D,-,-,-,-,-,-,-,-,-,-,I,-,-,-,-,-,-
407,2j2mBDBD_intBD,0.12601,-,-,-,-,-,-,G,-,-,-,-,-,-,-,-,-,-,-,-,-,-,-,-,-,-,-,T,P,-,-,-,-,-,Y,T
408,2j5nABAB_intAB,0.09894,-,-,-,-,-,-,E,G,-,W,-,-,E,-,-,-,-,-,-,-,-,-,-,-,-,-,-,-,-,-,-,-,-,-,G
409,2j8sCBBC_intBC,0.10836,-,-,-,-,-,-,A,A,G,-,-,-,-,-,-,-,-,-,-,-,-,-,-,-,-,-,-,G,-,-,-,G,G,-,-
410,2j9iAFAF_intAF,0.13361,-,-,-,A,A,A,G,A,-,-,-,-,-,-,-,-,-,-,R,-,S,-,K,-,-,S,-,-,-,-,-,-,-,-,I
411,2jd1ABAB_intAB,0.11512,-,-,-,-,-,-,A,-,S,E,-,-,-,-,-,-,-,-,-,-,-,-,-,-,-,-,-,-,-,-,S,E,-,-,E
412,2jevABAB_intAB,0.08762,-,-,-,-,-,-,S,-,-,-,-,-,-,-,-,-,-,-,-,-,-,-,-,-,-,-,-,-,-,-,-,-,-,I,D
413,2jkvABAB_intAB,0.08825,-,-,-,I,R,D,-,-,-,-,-,-,R,-,-,-,-,-,-,-,-,-,S,-,L,-,-,-,A,-,-,-,-,-,-
414,2k1nABAB_intAB,0.08403,-,-,-,V,-,-,R,-,A,-,-,-,-,-,-,-,-,-,-,-,-,-,-,-,-,-,-,-,-,-,E,-,-,V,-
415,2k29ABAB_intAB,0.09143,-,-,-,-,-,-,-,-,R,-,-,-,-,-,-,-,-,-,-,-,-,-,-,-,-,-,-,-,M,-,-,-,S,-,-
416,2kelABAB_intAB,0.08464,-,-,K,V,-,G,-,Y,-,-,-,-,-,-,-,-,-,-,-,-,-,V,G,-,Y,-,-,-,-,-,-,-,-,-,-
417,2kkeABAB_intAB,0.12601,-,-,P,V,-,R,-,-,-,-,-,-,T,-,-,P,-,V,-,R,-,-,-,-,-,-,-,-,-,-,-,-,-,-,-
418,2klhABAB_intAB,0.08963,-,-,-,-,-,-,Y,G,-,-,-,-,-,-,-,-,-,-,-,-,-,-,-,-,-,-,-,Y,-,-,-,-,G,-,-
419,2nn6EFEF_intEF,0.11326,-,-,L,-,S,G,-,L,-,-,-,-,V,-,-,T,C,-,R,-,-,-,-,-,-,-,-,-,-,-,-,-,-,-,-
420,2nntCDCD_intCD,0.11423,-,-,-,-,A,-,G,-,-,-,-,-,-,-,-,-,-,-,-,-,-,-,-,A,-,-,K,T,-,-,-,-,-,-,-
421,2nrcABAB_intAB,0.10451,-,-,-,-,-,A,G,-,-,-,-,-,-,-,-,-,-,-,-,-,-,-,A,G,-,-,-,-,-,-,-,-,-,-,-
422,2ns7CDCD_intCD,0.11145,-,-,-,-,S,-,G,-,-,-,-,-,S,-,-,-,-,-,-,-,-,R,G,-,-,-,-,-,-,-,-,-,-,-,-
423,2o06ABAB_intAB,0.10781,-,-,-,-,-,P,G,-,-,-,P,-,-,-,-,-,-,-,-,-,-,S,G,-,-,-,-,-,-,-,-,-,-,-,-
424,2o0rABAB_intAB,0.08481,-,-,-,-,-,A,-,-,-,-,-,-,T,-,-,A,-,-,-,-,-,-,-,-,-,-,-,-,-,-,-,-,-,-,-
425,2o1sABAB_intAB,0.08862,-,A,G,-,-,-,-,G,-,-,-,-,G,-,-,-,-,-,-,G,L,-,-,-,-,-,-,-,-,-,-,-,-,-,-
426,2o1xABAB_intAB,0.08775,-,-,-,-,-,G,-,-,-,-,-,-,-,-,-,-,-,-,-,-,-,-,G,-,-,-,-,-,-,D,-,-,-,-,-
427,2o2dCBBC_intBC,0.15103,Q,-,G,G,-,-,-,-,-,-,-,-,-,-,A,-,-,Q,L,G,-,-,-,-,-,-,-,-,-,-,-,-,-,-,-
428,2o7bADAD_intAD,0.08315,-,-,-,-,-,-,A,-,-,-,-,-,-,-,-,-,-,-,-,-,-,-,-,-,-,-,-,-,-,R,-,-,-,-,G
429,2o7fABAB_intAB,0.11681,-,H,-,-,-,S,-,G,-,-,-,-,T,-,-,-,-,R,-,-,-,-,G,-,-,-,-,-,-,-,-,-,-,-,-
430,2obyABAB_intAB,0.08249,-,D,N,P,-,-,S,I,-,-,-,-,-,-,-,-,-,-,-,-,-,-,-,-,D,-,-,-,-,-,-,-,S,I,-
431,2od4ABAB_intAB,0.11070,-,-,-,-,-,-,S,-,E,V,R,-,-,-,-,-,-,-,-,-,-,-,-,-,-,-,-,-,-,-,-,R,-,-,D
432,2od6ABAB_intAB,0.11143,-,-,-,-,-,-,S,-,N,V,-,-,-,-,S,-,-,-,-,-,-,-,-,-,-,-,-,-,-,-,-,V,-,-,E
433,2oekABAB_intAB,0.10407,-,-,-,-,-,G,A,-,G,-,-,-,-,-,-,-,-,-,-,-,-,G,S,-,-,-,G,-,-,-,-,-,-,-,-
434,2ogfBDBD_intBD,0.12917,-,-,-,F,G,I,G,A,-,-,-,-,-,-,-,-,-,-,-,-,F,G,I,-,-,-,-,-,-,-,-,-,-,-,A
435,2okfABAB_intAB,0.09224,-,-,-,-,-,-,-,-,T,-,-,-,-,-,-,-,-,-,-,-,-,-,-,-,-,-,-,-,-,-,-,H,T,-,-
436,2okjABAB_intAB,0.09828,-,G,-,-,-,-,-,-,-,-,T,-,-,-,-,-,D,H,P,-,-,-,-,-,-,-,-,-,-,-,-,-,-,-,-
437,2op5EFEF_intEF,0.08561,-,-,-,-,-,-,V,S,V,-,-,-,-,-,S,-,-,-,-,-,-,-,-,-,-,E,-,-,-,-,-,-,-,-,-
438,2oplABAB_intAB,0.12044,-,-,R,-,E,-,-,D,G,-,-,-,-,-,-,-,-,-,-,-,-,K,-,R,T,-,-,-,P,-,-,-,-,-,-
439,2osgABAB_intAB,0.07432,-,-,-,-,-,S,-,I,-,V,-,-,-,-,-,-,-,-,-,-,-,S,I,-,-,-,-,-,-,-,-,-,-,-,-
440,2ov9ABAB_intAB,0.13134,-,-,G,-,L,-,Q,-,S,-,-,-,-,-,-,-,-,-,-,-,-,-,G,-,L,-,-,S,-,-,-,-,-,R,-
441,2p10CDCD_intCD,0.08398,-,-,-,-,-,-,L,-,-,-,-,-,G,-,-,L,-,-,-,-,-,A,-,-,-,G,-,-,-,-,-,-,-,-,-
442,2p6sABAB_intAB,0.11720,-,-,-,G,-,A,A,-,L,-,-,-,-,-,-,-,-,-,-,-,-,Q,G,-,-,-,-,V,-,-,-,-,-,-,-
443,2p8xSTST_intST,0.10258,-,-,-,-,-,T,A,I,S,D,-,-,-,-,-,-,-,-,-,-,-,-,-,-,-,-,-,-,-,-,H,V,E,-,-
444,2pakABAB_intAB,0.10412,-,-,R,Y,-,-,-,-,-,-,-,-,-,-,G,-,-,A,-,E,-,-,-,R,-,Y,-,-,-,-,T,-,-,-,-
445,2pdoEFEF_intEF,0.11378,-,-,-,-,-,-,Q,N,H,-,-,-,-,-,-,-,-,-,-,-,-,-,-,-,-,-,-,-,-,-,V,S,L,G,-
446,2pfdCDCD_intCD,0.11674,-,-,-,A,S,-,-,-,-,-,-,-,-,-,-,-,-,-,-,-,-,-,A,S,-,-,-,-,G,-,-,-,-,-,-
447,2pfmABAB_intAB,0.10022,-,-,-,-,-,-,-,-,P,-,D,-,-,-,-,-,H,-,-,-,-,-,-,-,-,-,-,-,-,-,-,K,-,-,-
448,2phdACAC_intAC,0.10923,-,-,-,-,-,-,I,-,H,-,-,-,-,-,-,-,-,-,-,-,-,-,-,-,-,-,-,-,-,-,-,-,F,-,F
449,2pkhEFEF_intEF,0.10823,-,-,E,R,-,-,-,-,-,-,T,-,-,-,-,E,-,E,-,V,-,-,-,-,-,-,R,-,T,-,-,-,-,-,-
450,2pnfABAB_intAB,0.11560,-,-,T,-,G,G,-,S,-,-,-,-,G,-,-,T,-,G,-,-,-,-,-,-,G,-,-,-,-,-,-,-,-,-,-
451,2pokABAB_intAB,0.10510,A,-,-,-,-,G,Y,-,-,-,-,-,-,-,-,-,-,-,-,-,-,-,G,-,-,-,-,-,-,-,-,-,-,-,-
452,2pozAFAF_intAF,0.11220,-,-,-,A,G,-,-,-,G,-,-,-,-,-,-,-,-,-,-,-,-,-,-,A,-,-,-,-,-,-,N,-,G,-,-
453,2pp3CBBC_intBC,0.09922,-,-,T,A,-,-,-,D,-,-,-,-,G,-,-,-,-,-,S,D,-,-,-,-,-,-,-,-,-,-,-,-,-,-,-
454,2ppbMNMN_intMN,0.10868,-,D,G,-,-,-,-,-,-,-,-,-,-,-,-,-,-,F,D,-,-,-,-,-,-,-,-,-,-,-,-,-,-,-,-
455,2prcMLLM_intLM,0.10607,-,-,-,-,-,-,G,-,-,-,-,-,-,-,-,-,-,-,-,-,-,-,-,-,-,S,P,-,-,G,-,-,-,-,-
456,2pt6CBBC_intBC,0.09235,-,-,-,-,-,-,-,-,G,-,-,-,-,-,-,-,-,-,-,-,-,-,-,-,-,-,-,-,-,-,-,C,G,-,-
457,2q1zABAB_intAB,0.08785,-,R,-,-,-,-,-,-,-,-,-,-,-,-,-,-,-,G,G,-,-,-,-,-,-,-,-,-,-,-,-,-,-,-,-
458,2q4hABAB_intAB,0.10960,-,-,-,-,P,E,-,R,-,-,-,-,-,-,-,-,-,-,-,-,-,V,G,-,-,-,-,-,-,-,-,-,-,-,-
459,2q4pABAB_intAB,0.08248,-,-,-,-,-,-,F,-,-,-,-,-,-,-,-,-,-,-,-,-,-,-,T,-,-,-,-,-,-,-,-,-,D,-,-
460,2qbuABAB_intAB,0.09236,-,-,-,-,-,-,S,Y,-,-,-,-,-,-,-,-,-,-,-,-,-,-,T,-,-,-,-,-,-,-,-,-,-,-,E
461,2qccABAB_intAB,0.10257,-,-,-,-,-,-,G,-,-,-,-,-,-,-,-,-,-,-,-,-,P,-,-,-,-,-,-,-,-,-,-,-,-,G,S
462,2qkiEDDE_intDE,0.10592,-,-,-,-,-,-,-,-,S,S,-,-,-,-,-,-,-,-,-,-,-,-,-,-,-,-,-,-,-,-,A,R,V,-,-
463,2ql8ABAB_intAB,0.08607,-,-,-,-,-,P,-,S,A,R,K,-,-,-,-,-,-,-,T,-,-,-,-,-,T,-,-,I,D,-,-,P,-,-,-
464,2qlfCDCD_intCD,0.11211,-,-,-,-,-,N,G,-,-,-,-,-,-,-,-,-,-,-,-,-,-,-,P,-,-,-,-,-,-,-,-,-,-,G,-
465,2qlwABAB_intAB,0.08806,-,-,-,D,-,S,-,H,-,-,-,-,T,-,-,-,-,-,-,-,-,-,H,-,P,-,-,-,-,-,-,-,-,-,-
466,2qlzABAB_intAB,0.10498,-,-,-,-,-,-,F,Y,G,-,A,-,-,-,-,-,-,-,-,-,-,-,-,-,-,-,F,-,-,-,-,-,-,Y,G
467,2qmaABAB_intAB,0.10868,-,-,-,-,-,-,-,-,G,L,-,-,-,-,-,-,-,-,-,-,-,-,-,-,-,-,-,-,-,-,-,L,G,-,-
468,2qo3ABAB_intAB,0.08758,-,-,-,-,-,-,G,-,-,E,-,-,-,-,-,-,-,-,-,-,-,-,-,-,-,-,-,-,-,-,-,-,-,-,S
469,2qqpCECE_intCE,0.08123,-,-,-,-,-,R,-,-,-,-,G,-,-,-,-,-,-,-,-,-,N,M,-,-,-,-,-,-,-,-,-,-,-,-,-
470,2r1iABAB_intAB,0.08600,-,-,-,-,-,-,E,-,-,Y,-,-,-,-,-,-,-,-,-,-,-,-,-,-,-,-,-,-,-,-,-,L,Y,-,Y
471,2r2nABAB_intAB,0.10645,A,I,-,-,-,L,Q,Y,-,-,-,-,-,-,I,-,-,-,-,L,-,-,G,-,-,-,-,-,-,-,-,-,-,-,-
472,2r3sABAB_intAB,0.09899,-,-,-,-,-,-,-,T,G,-,-,-,-,-,-,-,-,-,-,-,-,-,-,-,-,-,-,-,-,-,-,-,V,-,L
473,2r47ABAB_intAB,0.11630,-,-,-,-,E,R,A,-,-,-,-,-,-,-,-,-,-,-,-,-,-,D,G,Y,L,-,-,-,-,-,-,-,-,-,-
474,2rftABAB_intAB,0.11011,-,-,-,-,-,G,-,S,C,-,-,-,-,-,-,-,-,-,-,-,-,-,-,-,-,-,-,-,-,-,-,I,C,T,I
475,2rh0ABAB_intAB,0.10911,-,-,E,S,-,-,-,-,-,-,-,-,-,-,-,-,-,-,-,-,-,-,-,C,G,-,-,-,-,-,-,-,-,-,-
476,2rhsCBBC_intBC,0.10746,-,-,-,-,-,-,A,-,G,-,-,-,-,-,-,-,-,-,-,-,-,-,-,-,-,-,-,-,-,-,-,-,G,-,-
477,2rhsCDCD_intCD,0.12998,-,-,-,-,-,-,G,-,-,-,-,-,-,-,-,-,-,-,-,-,-,-,-,-,-,E,G,-,-,-,-,-,-,L,N
478,2rkgABAB_intAB,0.10559,-,-,-,-,-,G,G,F,-,-,-,-,G,-,-,-,-,-,-,-,-,G,F,-,-,-,-,-,-,-,-,-,-,-,-
479,2rlzABAB_intAB,0.09314,-,-,-,-,-,-,-,-,T,-,-,-,-,-,-,-,-,-,-,-,-,-,-,-,-,-,-,-,-,-,-,T,G,-,-
480,2rnmCBBC_intBC,0.10555,-,G,-,-,-,-,-,-,-,-,-,-,-,-,-,-,T,A,-,-,-,-,-,-,-,-,-,-,-,-,-,-,-,-,-
481,2ux4MLLM_intLM,0.09518,G,-,-,-,-,-,-,G,-,-,-,-,-,-,-,G,A,-,-,-,-,-,-,-,-,-,-,-,-,-,-,-,-,-,H
482,2uxqCDCD_intCD,0.11140,G,A,-,V,-,G,H,-,-,-,-,-,V,-,-,G,-,H,T,-,-,-,-,-,-,-,-,-,-,-,-,-,-,-,-
483,2uz1ABAB_intAB,0.10484,-,-,-,-,-,N,-,-,Q,-,-,-,-,-,-,G,-,-,-,-,-,-,-,-,-,-,-,-,-,-,-,L,-,-,-
484,2v3wACAC_intAC,0.11427,-,-,-,-,A,G,-,M,-,-,G,-,-,-,A,G,N,-,-,-,-,M,G,-,-,-,-,-,-,-,-,-,-,-,-
485,2v8uABAB_intAB,0.08895,-,-,-,-,F,R,-,-,-,-,-,-,-,-,-,-,-,-,-,-,-,M,F,-,R,-,-,-,-,-,-,-,-,-,-
486,2vbwABAB_intAB,0.10611,-,-,G,Y,S,A,-,-,-,-,-,-,-,-,-,-,-,-,-,-,-,-,Y,S,A,-,-,-,-,-,-,-,-,-,-
487,2vd6ABAB_intAB,0.07287,-,A,-,-,-,-,-,-,-,S,-,-,-,-,-,-,S,-,-,-,-,-,-,-,-,-,-,-,-,-,-,-,-,-,-
488,2vd6ADAD_intAD,0.11534,-,-,-,H,G,-,-,-,-,-,-,-,-,-,-,-,-,-,-,-,-,-,H,G,-,-,-,-,-,-,-,-,-,-,-
489,2vdeACAC_intAC,0.11339,-,S,-,Q,-,G,-,-,-,-,-,-,-,-,-,P,-,Q,G,-,-,-,-,-,-,-,-,-,-,-,-,-,-,-,-
490,2vscABAB_intAB,0.10959,-,-,E,T,L,T,-,E,-,-,-,-,-,-,-,-,-,-,-,-,-,T,T,E,-,-,-,-,-,-,-,-,-,-,-
491,2vtuJLJL_intJL,0.11721,-,-,-,-,-,-,A,N,G,-,-,-,-,-,-,-,-,-,-,-,-,N,-,-,-,A,-,N,-,-,-,-,G,-,A
492,2vugABAB_intAB,0.12231,-,-,-,-,A,K,G,-,-,-,-,-,-,-,-,-,-,-,-,-,-,A,K,G,-,-,-,-,-,-,-,-,-,-,-
493,2vunCDCD_intCD,0.09507,-,-,-,-,-,G,G,-,I,-,-,-,-,-,-,-,-,-,-,-,-,-,-,-,-,-,T,-,G,-,-,-,-,-,I
494,2w1tABAB_intAB,0.08409,-,-,-,V,-,-,R,V,-,-,-,-,-,-,-,-,-,-,-,-,-,-,-,-,-,-,-,-,V,-,-,R,R,V,-
495,2w2dABAB_intAB,0.08442,-,-,-,-,-,-,K,-,-,-,-,-,-,-,-,-,-,-,-,-,-,-,L,-,C,-,-,-,-,-,-,-,-,-,-
496,2w3nCBBC_intBC,0.10951,-,-,-,-,-,-,R,-,-,-,-,-,-,-,-,-,-,-,-,-,-,-,-,-,-,-,-,-,-,-,-,-,P,G,-
497,2w49UVUV_intUV,0.09652,-,-,-,-,-,-,A,C,-,-,-,-,-,-,-,-,-,-,-,-,-,-,-,-,-,A,-,-,-,-,-,C,-,-,-
498,2w4gCMCM_intCM,0.14128,-,Y,A,F,K,R,-,A,I,G,S,G,L,-,-,R,V,-,-,-,-,-,F,D,E,-,N,Y,F,-,-,V,-,-,-
499,2w4nABAB_intAB,0.11382,-,-,-,-,-,L,T,-,F,T,-,-,-,-,-,-,-,-,-,-,-,-,-,-,-,-,-,-,-,-,L,G,-,-,A
500,2w5jKLKL_intKL,0.10007,-,-,-,-,-,-,-,G,P,-,-,-,-,-,-,-,-,-,-,-,-,-,-,-,-,-,-,-,-,-,I,G,G,-,-
501,2w5xABAB_intAB,0.07852,-,-,-,-,-,-,A,-,-,-,-,-,-,-,-,-,-,-,-,-,-,-,-,-,-,-,-,-,-,A,-,-,-,-,S
502,2w6dABAB_intAB,0.11565,-,-,-,-,-,-,P,A,K,K,-,-,-,-,-,-,-,-,-,-,-,Q,-,-,-,-,-,V,-,-,A,N,-,-,-
503,2wb1RWRW_intRW,0.11056,-,A,A,-,-,R,-,G,C,-,-,-,G,-,-,R,-,-,-,-,-,-,-,-,F,-,-,-,-,-,-,R,-,-,-
504,2wgfGHGH_intGH,0.10717,-,-,-,-,-,-,G,-,-,-,-,-,-,-,-,-,-,-,-,-,-,-,-,-,-,-,-,-,-,-,-,-,T,S,A
505,2wgqABAB_intAB,0.07765,-,-,-,-,-,-,-,G,-,-,-,-,-,-,-,-,-,-,-,H,-,-,-,-,-,-,-,-,-,-,-,G,-,-,-
506,2wl2ABAB_intAB,0.12130,-,-,-,-,-,R,G,-,G,-,-,-,-,-,-,-,-,-,-,-,-,-,-,-,-,-,-,-,-,-,-,R,G,-,G
507,2wnhABAB_intAB,0.12105,-,-,G,-,-,-,-,G,G,-,-,-,-,-,-,-,-,-,-,-,-,-,-,-,G,-,-,-,P,-,-,-,-,-,R
508,2wojABAB_intAB,0.09768,-,-,G,-,A,-,P,G,-,-,-,-,-,-,-,-,-,-,G,G,-,-,-,-,-,-,-,-,-,-,-,-,-,P,G
509,2wpdKJJK_intJK,0.12536,-,-,-,A,-,-,G,-,I,-,-,-,-,-,-,-,-,-,-,-,V,-,G,-,-,-,S,-,G,-,-,-,-,-,-
510,2wpdMLLM_intLM,0.11470,-,-,-,G,-,I,L,-,-,-,-,-,-,-,-,-,-,G,S,-,-,-,G,-,-,G,-,-,-,-,-,-,-,G,-
511,2wpnABAB_intAB,0.07827,-,-,-,-,-,-,-,-,C,-,G,-,-,-,-,-,-,-,-,-,-,-,-,-,-,-,-,-,-,-,-,-,M,-,-
512,2wtxADAD_intAD,0.13171,-,-,N,G,-,G,-,-,-,-,-,-,-,-,-,-,-,E,N,G,-,L,-,-,-,-,-,-,-,-,-,-,-,-,-
513,2wv0ABAB_intAB,0.10174,-,-,V,Y,-,-,-,-,-,-,D,-,-,-,-,R,-,K,-,E,-,-,-,-,-,-,V,-,-,-,-,-,-,-,-
514,2wvfABAB_intAB,0.08505,-,-,R,S,-,S,-,Q,-,-,-,-,-,-,-,-,-,-,-,-,-,I,R,-,S,-,-,-,-,-,-,-,-,-,-
515,2wymBEBE_intBE,0.08663,-,-,-,-,-,Q,-,-,-,-,-,-,-,-,-,-,-,-,-,-,-,-,G,-,-,-,-,-,-,R,-,-,-,-,-
516,2wywADAD_intAD,0.08394,-,-,-,-,-,-,T,-,-,-,-,-,-,-,-,-,-,-,-,-,-,-,-,-,-,-,-,M,-,-,-,-,T,-,-
517,2x3eABAB_intAB,0.10992,-,-,-,-,-,-,-,-,G,-,-,-,-,-,-,-,-,-,-,-,-,-,-,-,-,-,-,-,-,-,F,P,R,-,-
518,2x3hCBBC_intBC,0.09303,-,-,A,-,-,-,-,-,G,-,-,-,-,-,-,-,-,-,-,-,-,-,-,-,-,-,-,-,-,-,-,-,F,-,-
519,2x52ABAB_intAB,0.13363,-,-,-,-,-,-,G,L,-,-,-,-,-,-,-,-,-,-,-,-,-,-,-,-,-,-,-,-,-,-,-,G,F,G,-
520,2x5fABAB_intAB,0.08360,-,-,-,-,-,-,G,-,-,-,-,-,-,-,-,-,-,-,-,-,-,-,-,-,-,-,Y,-,-,-,H,-,-,-,-
521,2x89EDDE_intDE,0.11984,-,-,A,R,-,N,-,-,-,-,-,-,-,-,-,P,-,I,K,-,-,-,-,-,-,-,-,-,-,-,-,-,-,-,-
522,2x8cABAB_intAB,0.11385,-,-,-,-,G,-,Y,-,-,-,-,-,-,-,-,-,-,-,-,-,-,-,G,Y,-,-,A,-,-,-,-,-,-,-,-
523,2x8uABAB_intAB,0.07737,-,-,-,-,-,G,-,T,-,-,-,-,-,-,-,-,-,-,-,-,-,-,-,-,-,-,-,-,-,-,G,-,-,-,-
524,2xc1CBBC_intBC,0.10762,-,-,-,-,-,G,N,-,-,N,-,-,-,-,-,-,-,-,-,-,-,L,-,-,-,-,-,-,-,-,-,-,-,-,A
525,2xcrBDBD_intBD,0.10835,-,-,-,-,-,-,R,-,G,-,-,-,-,-,-,-,-,-,-,-,-,-,-,-,E,-,-,-,-,-,-,R,G,-,-
526,2xdnABAB_intAB,0.08536,-,-,K,-,-,-,G,-,-,-,-,-,-,-,-,-,-,-,-,K,-,-,-,-,-,-,-,-,-,-,-,-,-,A,Y
527,2xf2AEAE_intAE,0.08040,-,-,-,-,-,-,P,-,-,-,-,-,-,-,-,-,-,-,-,-,-,-,-,-,-,-,P,-,-,G,-,-,-,-,-
528,2xgfABAB_intAB,0.09959,-,-,-,-,-,-,K,A,S,-,-,-,-,-,-,-,-,-,-,-,-,-,-,-,-,-,-,-,-,-,-,S,-,-,G
529,2xigCDCD_intCD,0.10593,-,-,-,-,-,-,-,-,M,V,C,-,-,-,-,-,A,-,-,-,-,-,L,-,-,-,-,-,-,-,-,H,-,-,-
530,2ximBDBD_intBD,0.09670,-,-,G,H,-,-,-,-,-,-,-,-,-,-,-,-,-,-,G,H,A,-,-,-,-,-,-,-,-,-,-,-,-,-,-
531,2xn0ABAB_intAB,0.07670,-,-,-,-,-,-,-,G,-,-,A,-,-,-,-,-,-,-,-,-,-,-,-,-,-,-,-,-,-,-,-,-,-,-,A
532,2xn3ABAB_intAB,0.07650,D,-,-,-,-,-,-,F,G,-,-,-,-,-,-,-,-,-,-,-,-,-,-,-,-,-,-,-,-,-,-,S,-,-,-
533,2xrnABAB_intAB,0.10424,-,-,-,-,-,-,P,-,-,-,-,-,-,-,-,-,-,-,-,-,-,L,-,-,-,-,-,-,-,-,-,-,-,-,G
534,2xtiABAB_intAB,0.10807,-,-,-,-,-,-,-,-,G,-,-,-,-,-,-,-,-,-,-,-,-,-,-,-,-,-,-,-,-,-,-,L,G,-,-
535,2xtsABAB_intAB,0.09862,-,-,-,-,-,-,G,-,I,-,-,-,-,-,-,-,-,-,-,-,-,-,-,-,-,-,-,-,-,-,-,-,I,A,-
536,2xtsACAC_intAC,0.08480,-,-,-,-,-,-,G,A,I,D,-,-,-,-,-,-,-,-,-,-,-,-,-,-,-,-,-,-,-,-,-,-,G,-,A
537,2xw7ABAB_intAB,0.10617,-,-,-,D,G,-,-,-,-,-,-,-,-,-,-,-,-,-,-,-,-,-,D,G,P,-,-,-,-,-,-,-,-,-,-
538,2xz1ABAB_intAB,0.07718,-,-,-,-,-,-,-,-,P,G,-,-,-,-,-,-,-,-,-,-,-,-,-,-,-,-,-,P,-,-,-,-,-,-,-
539,2xzbABAB_intAB,0.12826,-,T,N,-,-,-,D,-,-,-,-,-,-,-,-,H,Q,D,E,-,-,-,G,-,-,-,-,-,-,-,-,-,-,-,-
540,2y42CDCD_intCD,0.10564,-,-,-,E,-,W,-,-,-,-,-,-,-,-,-,-,-,-,-,-,-,-,R,S,-,-,-,-,D,-,-,-,-,-,-
541,2y51ABAB_intAB,0.09945,-,-,-,-,-,-,-,-,S,A,A,-,-,-,-,-,G,-,-,-,-,-,-,-,-,-,-,-,-,-,-,G,R,-,-
542,2y8nACAC_intAC,0.09117,-,-,-,G,-,-,D,G,-,-,-,-,-,-,-,-,-,-,-,-,-,-,-,R,-,-,-,-,-,-,-,-,-,Y,G
543,2y93ABAB_intAB,0.07430,-,-,-,-,-,-,-,-,G,-,-,-,-,-,-,-,-,-,-,-,-,-,-,-,-,-,-,-,-,-,G,D,-,-,-
544,2ybb1212_int12,0.09871,-,-,-,-,-,-,R,A,-,-,-,-,E,-,-,-,-,-,-,-,-,-,-,-,-,-,-,-,-,-,-,-,-,-,G
545,2ygdMNMN_intMN,0.08191,-,-,Q,-,-,-,-,-,P,-,-,-,-,-,-,-,-,-,-,-,-,-,-,-,-,-,-,-,-,-,-,S,-,-,-
546,2yipEFEF_intEF,0.09951,-,W,-,-,-,-,-,-,A,G,L,-,-,-,-,-,-,-,-,-,-,-,-,-,-,-,-,-,-,-,G,A,-,-,-
547,2yr6ABAB_intAB,0.08753,-,-,-,-,-,H,-,-,-,-,-,-,-,-,-,-,-,-,-,H,-,-,T,-,-,-,-,-,-,-,-,-,-,-,-
548,2yzkABAB_intAB,0.09589,-,-,-,-,-,R,G,-,-,-,-,-,-,-,-,-,-,-,-,-,-,-,-,-,-,-,-,-,-,-,-,-,P,-,P
549,2yzsABAB_intAB,0.09660,-,S,-,-,-,G,F,-,R,-,-,-,-,-,-,-,N,-,-,-,-,-,-,-,-,-,-,G,-,-,-,-,F,-,P
550,2z4hABAB_intAB,0.07948,-,-,-,-,G,E,-,-,-,-,-,-,-,-,-,N,-,-,-,-,-,T,L,-,-,A,-,-,-,-,-,-,-,-,-
551,2z67CDCD_intCD,0.10873,-,-,G,-,-,S,-,-,-,-,-,-,S,-,-,-,-,-,-,-,-,G,-,-,S,-,-,-,-,-,-,-,-,-,-
552,2z6eABAB_intAB,0.07781,-,-,-,-,-,-,K,T,-,-,-,-,-,-,-,-,-,-,-,-,-,-,-,-,-,-,-,-,-,-,H,-,-,-,-
553,2z8iABAB_intAB,0.11395,-,M,A,S,V,-,D,-,-,-,-,-,-,-,-,-,-,Y,-,-,-,-,-,D,T,-,-,-,-,-,-,-,-,-,-
554,2zbkACAC_intAC,0.08755,-,-,D,-,-,-,K,-,-,-,-,-,-,-,-,-,-,-,-,-,-,-,A,-,-,-,-,-,-,-,-,-,-,-,-
555,2zbwABAB_intAB,0.10420,-,G,-,L,G,-,-,-,-,-,-,-,-,-,-,L,-,G,-,-,-,-,-,-,-,-,-,-,-,-,-,-,-,-,-
556,2zf5YOOY_intOY,0.08399,-,-,-,-,-,-,F,I,-,I,-,-,-,-,-,-,-,-,-,-,-,-,-,-,-,T,-,-,-,-,-,-,-,-,-
557,2zkjABAB_intAB,0.07496,-,G,-,-,-,-,-,-,P,-,-,-,-,-,-,-,-,-,-,-,-,-,-,-,-,-,-,-,-,-,-,W,-,-,-
558,2zleALAL_intAL,0.13334,V,D,-,-,R,D,G,K,Q,-,-,-,-,K,A,D,-,-,-,-,-,L,-,-,-,-,-,-,-,-,-,G,K,-,Q
559,2zleCECE_intCE,0.14721,-,L,A,K,K,V,Q,G,D,R,-,-,-,-,-,F,V,S,Q,-,-,I,K,A,G,-,-,R,D,-,-,G,K,Q,V
560,2zleFIFI_intFI,0.16304,G,L,Q,R,G,T,S,L,L,-,-,L,-,I,V,S,Q,V,L,P,A,-,G,I,K,-,-,-,-,G,G,K,Q,-,V
561,2zleGMGM_intGM,0.16415,-,G,D,L,R,D,G,K,-,-,-,-,-,A,-,-,K,V,D,-,G,L,L,R,D,K,-,-,-,-,-,-,-,-,-
562,2zofABAB_intAB,0.11335,G,-,-,-,E,S,-,-,-,-,-,-,-,E,F,S,-,-,-,-,-,-,-,-,-,-,-,-,-,-,-,-,-,-,-
563,2zsjABAB_intAB,0.10547,-,-,S,E,G,-,-,-,-,-,-,-,-,-,-,-,-,-,-,-,-,-,A,-,Y,-,-,-,-,-,-,-,-,-,-
564,2zsmCBBC_intBC,0.10197,-,-,-,-,G,-,-,-,-,-,-,-,-,-,-,-,-,-,-,-,-,-,R,G,-,-,-,-,-,-,-,-,-,-,-
565,2zsuABAB_intAB,0.08739,-,-,-,A,-,-,-,-,Y,-,-,-,-,-,-,-,-,-,G,-,-,-,-,-,-,-,-,-,-,T,-,P,-,-,-
566,2zt9ABAB_intAB,0.10217,-,-,-,-,-,-,A,-,-,-,-,-,-,-,-,-,-,-,-,-,-,-,-,-,-,-,-,-,-,-,-,-,-,D,Q
567,2zyjABAB_intAB,0.10449,-,-,-,-,-,-,L,Q,-,-,-,-,-,-,-,-,-,-,-,-,-,-,-,-,-,-,-,-,-,-,-,-,-,-,G
568,3a06ABAB_intAB,0.09498,-,-,-,-,-,-,T,S,-,S,-,-,-,-,-,-,-,-,-,-,-,-,-,-,-,-,-,-,-,-,-,S,-,S,-
569,3a0hADAD_intAD,0.15088,-,-,A,C,A,G,-,-,-,-,-,-,-,-,-,-,-,G,A,-,C,H,L,A,-,-,-,-,-,-,-,-,-,-,-
570,3a2wIJIJ_intIJ,0.09084,-,-,G,-,-,-,-,-,-,-,-,-,-,-,-,-,-,-,-,-,-,-,-,-,A,-,I,-,-,-,-,-,-,-,-
571,3a44ABAB_intAB,0.11106,-,-,-,-,-,-,A,-,F,C,-,-,-,-,-,-,-,-,-,-,-,-,-,-,-,-,-,-,-,-,F,V,-,-,G
572,3a75CDCD_intCD,0.14318,-,-,-,-,-,F,Y,-,T,T,-,V,-,A,-,T,A,-,-,-,-,-,-,-,-,-,-,-,-,-,S,G,G,M,-
573,3aacABAB_intAB,0.10896,-,-,-,-,A,-,N,G,-,-,-,-,-,-,-,-,-,-,-,-,-,-,N,G,-,-,-,-,-,-,-,-,-,-,-
574,3ad7ABAB_intAB,0.09441,-,-,-,-,-,-,G,-,S,-,-,-,-,-,-,-,-,-,-,-,-,F,-,-,-,-,-,-,-,-,-,-,H,-,-
575,3aenCBBC_intBC,0.10325,-,-,-,-,-,-,G,S,-,-,-,-,-,-,-,-,-,-,-,-,-,-,-,-,-,-,-,-,-,-,G,-,-,G,S
576,3ageABAB_intAB,0.08356,-,-,-,-,-,-,S,-,D,-,-,-,-,-,-,-,-,-,-,-,-,-,-,-,G,G,S,-,-,-,-,-,-,-,-
577,3ai7EFEF_intEF,0.10436,-,-,-,-,-,T,G,P,S,-,-,-,-,-,-,-,-,-,-,-,-,-,-,-,-,-,-,-,T,-,-,-,G,P,S
578,3akoABAB_intAB,0.11242,K,-,-,-,-,Y,Q,-,R,I,-,-,-,-,-,-,-,-,-,-,-,-,-,-,-,-,-,-,-,-,H,Q,-,-,N
579,3alaCDCD_intCD,0.08443,-,-,-,-,-,-,A,-,-,-,D,-,-,-,-,-,-,-,-,-,-,-,-,-,-,-,-,-,-,-,-,-,-,V,-
580,3apyABAB_intAB,0.11826,-,-,T,S,-,P,G,P,-,-,-,-,E,-,-,S,-,P,-,-,-,-,-,-,-,-,-,-,-,-,-,-,-,-,-
581,3aqjACAC_intAC,0.10904,-,-,-,-,-,V,-,G,M,-,-,-,-,-,-,-,-,-,-,-,-,-,M,-,-,-,-,-,-,-,-,-,-,-,G
582,3ayzABAB_intAB,0.09897,-,-,M,-,-,-,C,G,-,-,-,-,C,-,-,-,-,-,-,C,-,-,-,-,-,-,-,-,-,-,-,-,-,-,-
583,3b07CBBC_intBC,0.11733,-,-,S,N,-,S,-,T,-,-,-,-,T,-,-,G,-,T,G,-,-,-,-,-,-,-,-,-,-,-,-,-,-,-,-
584,3b07EFEF_intEF,0.08847,-,-,-,-,N,G,-,-,-,-,-,-,G,-,-,-,-,-,-,-,-,-,N,-,A,-,-,-,-,-,-,-,-,-,-
585,3b2qABAB_intAB,0.10193,-,-,-,-,-,-,A,T,-,-,-,-,-,-,-,-,-,-,-,-,-,-,-,-,-,-,-,-,-,-,-,-,-,-,G
586,3b46ABAB_intAB,0.09433,-,-,-,-,-,-,G,-,-,-,-,-,-,-,-,-,-,-,-,-,-,-,-,-,-,-,Q,Y,-,T,-,-,-,-,-
587,3b5uEFEF_intEF,0.11812,-,R,-,D,-,-,P,S,-,-,-,-,-,-,-,-,-,E,-,-,-,-,-,S,-,-,-,-,-,-,-,-,-,T,A
588,3b5uKLKL_intKL,0.12573,-,-,-,-,-,-,F,G,E,-,-,-,-,-,-,-,-,-,-,-,-,-,-,-,-,-,-,-,-,-,S,R,G,-,-
589,3b9tCDCD_intCD,0.09285,-,-,-,-,-,-,-,-,D,-,-,-,-,-,-,-,-,-,-,-,-,-,-,-,-,-,-,-,-,-,-,G,D,-,-
590,3bb8ABAB_intAB,0.09320,-,-,-,-,-,-,-,-,S,-,-,-,-,-,-,-,-,-,-,-,-,-,-,-,-,-,-,-,-,-,-,P,Y,-,-
591,3bg7GHGH_intGH,0.10395,-,-,-,-,-,-,-,S,W,-,-,-,-,-,-,-,-,-,-,-,-,-,-,-,-,-,-,-,-,-,-,S,T,-,-
592,3blxEFEF_intEF,0.08491,-,-,-,V,-,Q,-,-,-,-,-,-,-,-,-,-,-,-,-,-,-,-,V,-,T,-,-,-,-,-,-,-,-,-,-
593,3bm5ABAB_intAB,0.09803,-,I,-,-,-,P,-,K,-,-,-,-,-,-,-,-,-,-,-,-,-,-,G,-,-,-,-,-,-,-,-,-,-,-,D
594,3bnkABAB_intAB,0.08475,-,-,-,-,-,-,Y,-,-,-,-,-,-,-,-,-,-,-,-,-,-,-,W,-,G,-,-,-,-,-,-,-,-,-,-
595,3bt3ABAB_intAB,0.08118,-,-,-,-,-,-,-,N,P,-,-,-,-,-,-,-,-,-,-,-,-,-,-,-,-,-,-,-,-,-,-,-,-,-,M
596,3bv6EDDE_intDE,0.09817,-,-,-,-,-,K,T,-,-,-,-,-,-,-,-,-,-,-,-,-,-,-,G,-,-,-,W,-,-,-,-,-,-,-,-
597,3bwbABAB_intAB,0.10572,-,P,-,-,-,-,-,-,A,P,-,-,-,-,-,-,C,G,-,-,-,-,-,-,-,-,-,-,-,-,-,-,A,-,-
598,3bywEFEF_intEF,0.10083,Q,-,-,-,Y,-,G,-,-,-,-,Q,-,-,-,-,-,-,-,-,-,-,-,-,-,S,-,-,-,-,-,-,-,S,A
599,3c24ABAB_intAB,0.11528,P,L,-,-,-,-,-,-,-,W,-,-,-,-,G,-,N,-,-,-,-,-,-,-,-,-,-,-,-,-,V,-,-,-,-
600,3c2bABAB_intAB,0.09496,-,-,-,-,-,G,-,G,-,-,-,-,G,G,-,-,-,-,-,-,-,-,-,-,-,-,-,-,-,-,-,-,-,-,G
601,3c4mABAB_intAB,0.10216,-,-,-,-,-,-,G,-,-,-,G,-,-,-,-,-,G,-,-,-,-,-,-,-,-,N,G,-,-,-,-,-,-,-,-
602,3c85ACAC_intAC,0.09063,-,-,-,-,-,-,-,-,-,A,G,-,-,-,I,G,A,-,-,-,-,-,-,-,-,-,-,-,-,-,-,-,G,-,-
603,3c9iCBBC_intBC,0.11045,-,-,V,V,-,-,-,-,-,-,-,-,-,-,-,-,-,-,-,-,-,-,-,H,G,-,-,-,-,-,-,-,-,-,-
604,3caeIJIJ_intIJ,0.09562,-,-,S,-,N,-,-,Y,S,-,-,-,-,-,-,-,-,-,-,-,-,N,-,Y,S,-,-,-,-,-,-,-,-,-,-
605,3camABAB_intAB,0.09949,-,-,G,-,-,-,R,-,S,Q,-,-,-,-,-,-,-,-,-,-,-,-,-,-,-,-,-,-,-,-,-,T,-,-,I
606,3cd5ABAB_intAB,0.10362,Y,-,-,-,P,P,G,T,-,-,-,-,C,-,-,-,-,-,-,-,-,V,Y,-,-,-,-,-,-,-,-,-,-,-,-
607,3cewCDCD_intCD,0.11355,-,-,D,-,L,I,-,-,-,-,-,-,-,-,-,-,-,-,-,-,-,Y,-,K,S,-,-,-,-,-,-,-,-,-,-
608,3cjiACAC_intAC,0.10590,-,-,-,-,-,-,R,-,G,-,-,-,-,-,-,-,-,-,-,E,-,-,-,-,-,-,-,-,-,G,R,-,W,G,-
609,3cmbCBBC_intBC,0.10480,-,-,G,F,-,-,-,-,-,-,-,-,-,-,-,-,-,P,E,-,E,-,-,-,-,-,-,-,-,-,-,-,-,-,-
610,3cq5ABAB_intAB,0.07731,-,-,-,-,-,-,L,-,-,-,-,-,-,-,-,-,-,-,-,-,-,-,-,-,-,-,-,-,-,-,-,-,-,F,G
611,3cswCDCD_intCD,0.10404,-,-,-,-,-,-,Q,-,G,-,-,-,-,-,-,-,-,-,-,-,-,-,-,-,-,-,-,-,Q,-,-,-,G,-,-
612,3cyjACAC_intAC,0.09945,P,-,R,G,-,G,-,-,-,-,-,-,P,R,-,-,-,G,-,-,-,-,-,-,-,-,-,-,-,-,-,-,-,-,-
613,3d0cABAB_intAB,0.10960,-,-,-,-,-,-,G,-,-,-,-,-,-,-,-,-,-,-,-,-,-,P,V,N,-,-,-,-,-,-,-,-,-,-,-
614,3d6hABAB_intAB,0.10011,-,-,A,-,-,-,D,V,-,-,-,-,-,-,-,-,-,-,-,-,-,-,-,-,I,-,-,C,-,-,-,-,-,-,G
615,3d9xACAC_intAC,0.09357,-,-,-,-,-,-,-,A,D,A,-,-,-,-,-,-,-,-,-,-,-,-,-,-,-,-,-,T,-,-,G,-,-,-,-
616,3da0CBBC_intBC,0.08345,-,G,K,-,-,-,-,-,-,-,-,-,-,H,-,-,K,-,G,D,-,-,-,-,-,-,-,E,-,-,-,-,-,-,-
617,3ddxAFAF_intAF,0.11145,-,-,-,-,-,-,A,T,I,-,-,-,-,-,-,-,-,-,-,-,-,-,-,-,-,-,-,-,F,-,S,D,I,T,-
618,3ddxCBBC_intBC,0.11855,-,-,-,-,N,A,-,D,V,V,-,-,-,-,-,I,A,H,-,-,G,K,-,-,-,-,-,-,-,-,D,N,L,-,-
619,3ddxEDDE_intDE,0.14709,-,T,I,A,H,W,V,Q,-,-,-,-,-,-,-,-,-,-,-,-,-,T,N,N,D,-,S,-,-,-,-,-,-,D,I
620,3ddxEFEF_intEF,0.12030,-,M,Q,I,-,-,I,-,-,-,-,-,-,-,-,-,-,G,R,-,-,-,-,-,-,-,Y,-,-,-,-,-,-,-,-
621,3devABAB_intAB,0.07893,-,-,-,-,-,-,P,S,-,-,-,-,-,-,-,-,-,-,-,-,-,-,-,-,-,-,-,-,-,-,P,-,-,-,-
622,3dh9ABAB_intAB,0.09041,-,-,-,-,-,-,G,F,A,-,-,-,-,-,-,-,-,-,-,-,-,-,-,-,-,-,-,-,-,-,-,-,G,F,A
623,3djcABAB_intAB,0.11109,-,-,-,-,-,-,G,-,G,A,-,-,-,-,-,-,-,-,-,-,-,-,-,-,-,-,A,-,-,S,G,G,A,-,-
624,3djxABAB_intAB,0.08717,-,-,-,-,-,-,F,-,H,-,-,-,-,-,-,-,-,-,-,-,-,-,-,-,-,-,-,-,-,-,-,-,-,-,H
625,3dlaBDBD_intBD,0.10190,-,-,-,-,-,R,E,-,L,-,-,-,-,-,-,-,-,-,-,-,-,-,-,-,-,-,-,-,-,-,-,P,-,G,D
626,3dmwACAC_intAC,0.11490,-,-,G,G,-,-,G,G,-,-,-,-,-,-,-,-,-,-,-,G,-,-,-,G,-,-,-,-,-,-,-,-,G,-,-
627,3dnnCBBC_intBC,0.09110,-,-,R,-,-,-,-,-,-,-,-,-,-,-,-,-,-,-,-,-,-,-,-,-,T,-,-,N,-,-,-,-,-,-,-
628,3dplCRCR_intCR,0.11735,-,-,-,-,-,-,G,-,I,-,-,-,-,-,-,-,-,-,-,-,-,-,-,-,-,-,-,-,-,-,-,V,-,-,W
629,3dtfABAB_intAB,0.12292,-,-,Y,-,-,G,G,-,-,-,-,-,-,-,-,-,-,-,-,-,-,Y,G,-,G,-,-,G,-,-,-,-,-,-,-
630,3dufACAC_intAC,0.10864,-,-,-,-,-,-,K,A,-,G,-,G,-,-,-,-,-,-,-,-,-,-,-,-,-,-,-,-,-,-,A,K,-,-,A
631,3dxwABAB_intAB,0.08293,-,-,-,-,A,I,-,G,-,-,-,-,-,-,-,-,-,-,-,-,-,-,N,-,-,-,-,-,-,-,-,-,-,-,-
632,3e08CDCD_intCD,0.08911,-,-,-,-,-,-,-,-,S,-,G,-,-,-,-,I,-,-,-,-,-,-,-,-,-,-,-,-,-,E,-,T,-,-,-
633,3e0jGHGH_intGH,0.08959,-,-,-,-,-,-,F,-,-,-,-,-,-,-,-,-,-,-,-,-,-,-,-,-,-,-,-,-,-,A,-,-,A,I,-
634,3e1eEGEG_intEG,0.12818,-,-,-,-,L,-,G,-,T,-,-,-,-,-,-,-,-,-,-,-,-,-,V,-,-,-,-,-,-,-,-,G,-,T,-
635,3e1hABAB_intAB,0.09651,G,-,-,-,-,-,-,-,P,-,-,-,-,-,G,-,-,-,-,-,-,-,-,-,-,-,-,-,-,-,-,-,P,-,-
636,3e29ABAB_intAB,0.09923,-,-,-,-,G,T,D,-,H,-,-,-,-,-,-,-,-,-,-,-,-,-,G,-,T,-,-,H,-,-,-,-,-,D,-
637,3e6qDFDF_intDF,0.10185,-,Y,-,Q,-,-,S,-,-,-,-,-,-,-,-,-,K,-,-,-,-,-,-,-,-,-,-,-,-,-,-,S,-,-,K
638,3e7gCDCD_intCD,0.12129,-,-,-,-,G,-,L,-,-,-,-,-,-,-,-,-,-,-,-,-,-,-,S,K,-,-,-,-,-,-,-,-,-,-,-
639,3ecsEDDE_intDE,0.11134,-,-,-,-,-,T,V,-,-,A,-,-,-,-,-,-,-,-,-,-,-,L,-,-,-,-,-,-,-,-,-,-,-,-,K
640,3eewABAB_intAB,0.09738,-,-,A,G,-,M,-,-,-,-,-,-,-,-,-,-,-,-,-,-,-,-,-,-,S,Q,-,-,-,A,-,-,-,-,L
641,3efvABAB_intAB,0.09879,-,-,G,A,-,-,-,-,-,-,-,-,-,-,-,-,-,A,G,A,G,-,-,-,-,-,-,-,-,-,-,-,-,-,-
642,3ehdABAB_intAB,0.10198,-,-,-,-,-,-,-,S,G,-,-,-,-,-,-,-,-,-,-,-,-,-,-,-,-,-,-,S,-,-,-,-,G,-,-
643,3ej6ACAC_intAC,0.11437,-,-,-,-,G,G,N,-,-,-,-,-,-,-,-,G,-,-,-,-,-,-,-,-,-,-,-,A,-,-,-,-,-,-,G
644,3eleABAB_intAB,0.10524,-,-,-,-,-,G,-,E,-,-,-,-,Y,-,-,-,-,-,-,-,-,-,-,-,-,-,-,-,-,-,-,-,-,-,P
645,3emoCBBC_intBC,0.11414,-,-,-,-,-,-,G,-,A,G,-,-,-,-,-,-,-,-,-,-,-,-,-,-,-,-,-,-,-,-,A,S,-,-,Y
646,3eo8CDCD_intCD,0.08379,-,-,-,-,-,-,-,Q,G,-,-,-,-,-,-,-,-,-,-,-,-,-,-,-,-,-,-,-,-,-,-,-,Q,-,-
647,3errABAB_intAB,0.09702,-,-,-,-,-,A,-,-,A,-,-,-,S,-,-,-,-,-,-,-,-,-,-,-,-,-,-,-,A,-,-,-,-,-,-
648,3etnADAD_intAD,0.09398,-,-,-,-,-,-,C,-,S,-,P,-,-,-,-,-,-,-,C,P,-,-,-,-,-,-,-,-,-,-,-,-,G,G,-
649,3ewzABAB_intAB,0.11825,-,-,P,G,-,-,-,-,-,-,-,-,-,-,-,-,-,-,-,-,-,-,-,G,S,-,-,-,-,-,-,-,-,-,-
650,3eyxABAB_intAB,0.08311,-,-,-,G,-,-,F,-,-,-,-,-,-,-,-,-,-,-,-,-,-,-,-,S,R,-,-,-,F,-,-,-,-,-,-
651,3f5mCDCD_intCD,0.08021,-,-,-,-,N,-,V,-,-,-,-,-,-,-,-,-,-,-,-,-,-,N,V,-,P,-,-,-,-,-,-,-,-,-,-
652,3f5oEFEF_intEF,0.10920,-,-,-,-,-,-,G,-,T,-,-,N,-,-,-,-,-,-,-,-,-,-,-,-,-,-,-,-,-,-,-,-,G,-,T
653,3f6tABAB_intAB,0.10442,-,-,-,-,E,-,R,-,-,-,-,-,-,-,-,-,-,-,-,-,-,-,S,-,-,-,-,-,-,-,-,-,-,-,G
654,3f9pBDBD_intBD,0.11155,-,P,-,A,-,-,-,-,-,-,M,-,-,-,-,R,S,L,-,-,-,-,-,-,-,-,-,-,-,-,-,-,-,-,-
655,3f9tABAB_intAB,0.10965,-,-,-,-,-,-,G,-,-,-,-,-,-,-,-,-,-,-,-,-,-,-,-,-,-,-,-,-,-,-,-,-,-,L,G
656,3fhzCDCD_intCD,0.08847,-,V,S,-,-,G,Y,-,-,-,-,-,-,-,-,-,-,-,-,-,-,-,-,-,-,-,-,-,-,-,V,-,-,-,G
657,3fiwCDCD_intCD,0.08797,-,-,-,-,-,-,R,F,-,L,-,-,-,-,-,-,-,-,-,-,-,-,-,-,-,-,-,-,-,-,-,R,F,-,G
658,3fj1ABAB_intAB,0.08285,-,-,-,-,-,-,A,-,-,-,-,-,-,-,-,-,-,-,-,-,-,-,-,-,-,-,A,-,-,P,-,-,-,-,-
659,3fj5ABAB_intAB,0.09773,D,-,-,-,-,-,A,-,S,V,-,-,-,-,-,-,-,-,-,-,-,-,-,-,-,-,-,-,-,-,F,A,L,-,I
660,3fkjABAB_intAB,0.08858,-,-,-,-,-,-,-,-,A,-,-,-,-,-,-,-,-,-,-,-,-,-,-,-,-,-,-,-,C,-,-,-,S,-,-
661,3flkCDCD_intCD,0.08499,-,-,-,-,-,D,I,-,-,-,-,-,-,-,-,-,-,-,-,-,-,-,-,-,-,-,D,-,-,-,-,-,-,-,-
662,3fmcABAB_intAB,0.10430,-,-,-,H,-,G,-,-,-,-,-,-,-,-,-,-,-,L,A,-,-,T,T,-,-,-,-,-,-,-,-,-,-,-,-
663,3fnmABAB_intAB,0.11973,-,-,-,V,Y,S,S,-,-,-,-,G,-,G,-,-,-,-,-,-,A,S,-,-,-,G,-,-,R,-,-,-,-,-,-
664,3ftpABAB_intAB,0.08662,-,-,M,-,-,-,-,-,-,-,-,-,-,-,-,-,-,-,-,G,-,-,-,-,A,-,G,-,-,-,-,-,-,M,A
665,3fvrBDBD_intBD,0.09096,-,-,-,-,-,-,-,-,G,-,R,-,-,-,-,-,-,-,-,-,-,-,-,-,-,-,-,-,-,-,-,G,G,-,-
666,3fvsABAB_intAB,0.11683,-,-,-,-,-,Q,Y,-,-,-,-,-,-,-,-,-,-,-,-,-,-,T,G,-,-,-,-,-,-,-,-,-,-,-,-
667,3fxaCBBC_intBC,0.08954,-,-,-,-,-,P,-,-,-,-,-,-,-,-,-,-,-,-,-,-,-,G,V,-,-,-,-,-,-,-,-,-,-,-,-
668,3fz7CBBC_intBC,0.08795,-,-,-,-,-,-,F,P,-,-,-,-,-,-,-,-,-,-,-,-,-,-,M,-,-,-,-,-,-,-,-,-,-,-,-
669,3g0iABAB_intAB,0.10718,-,-,-,V,-,A,-,-,-,-,-,-,-,-,R,V,-,A,-,-,-,-,-,-,-,-,-,-,-,-,-,-,-,-,-
670,3g0tABAB_intAB,0.09160,-,-,-,-,-,-,-,-,Q,-,-,-,-,-,-,-,-,-,-,-,-,Q,-,-,-,-,-,-,-,-,-,-,T,-,-
671,3g2eABAB_intAB,0.10894,-,-,R,-,G,-,G,-,-,-,-,-,-,-,-,-,-,-,-,-,-,P,-,K,D,-,-,-,-,-,-,-,-,-,-
672,3g2eBDBD_intBD,0.10346,-,-,-,-,-,-,A,-,T,T,-,-,-,-,-,-,-,-,-,-,-,-,-,-,-,-,-,-,-,-,A,-,T,T,-
673,3g5nCDCD_intCD,0.08386,-,-,-,-,-,-,-,I,A,-,-,-,-,-,-,-,-,-,-,-,-,-,-,-,-,-,-,-,-,-,-,-,G,-,-
674,3ga1ABAB_intAB,0.10183,-,-,-,E,-,-,-,G,-,N,-,-,N,-,-,-,-,-,-,-,-,-,-,R,S,-,-,-,-,-,-,-,-,-,-
675,3ga9SLLS_intLS,0.11485,-,G,S,A,S,-,-,-,-,-,-,-,-,-,-,-,-,F,-,-,-,-,G,-,W,-,-,-,-,-,-,-,-,-,-
676,3gekCBBC_intBC,0.11425,-,-,F,-,G,A,-,-,N,-,-,-,-,-,-,-,-,-,-,-,F,-,G,A,-,-,-,-,S,-,-,-,-,-,-
677,3gfbCDCD_intCD,0.13274,-,-,E,T,-,D,I,-,-,-,-,-,-,-,-,E,-,T,-,D,-,-,-,-,-,G,-,-,-,-,-,-,-,-,-
678,3gh8GHGH_intGH,0.09760,-,-,-,-,-,I,G,-,-,-,-,-,-,-,-,-,-,-,-,-,-,-,G,-,-,-,-,-,-,-,-,-,-,-,-
679,3gjaABAB_intAB,0.10748,-,-,-,H,-,A,-,-,F,-,-,-,-,-,-,-,-,-,-,-,-,-,H,A,A,-,-,-,N,-,-,-,-,-,-
680,3gk3ABAB_intAB,0.12092,-,-,S,-,G,G,-,T,-,-,-,-,G,-,-,S,-,G,-,-,-,-,-,-,G,-,-,-,-,-,-,-,-,-,-
681,3glmADAD_intAD,0.12307,-,-,-,-,P,A,-,-,-,-,-,-,-,-,-,-,-,-,-,-,-,-,P,A,-,-,-,-,-,-,-,-,-,-,-
682,3gqmABAB_intAB,0.10245,-,-,-,-,-,-,-,-,A,-,-,-,-,-,-,-,-,-,-,-,-,-,-,-,-,-,-,-,-,-,-,G,A,-,-
683,3gr3ABAB_intAB,0.10602,-,L,-,G,-,-,-,-,-,-,-,-,-,-,-,G,L,G,-,-,-,-,-,-,-,-,-,-,-,-,-,-,-,-,-
684,3gt6ABAB_intAB,0.09982,-,-,D,-,-,-,N,G,-,-,-,-,-,-,-,-,-,-,-,-,-,-,-,-,-,-,-,-,-,D,-,-,-,N,G
685,3gtgABAB_intAB,0.08263,G,R,-,-,F,A,-,-,-,-,-,-,-,-,-,-,-,-,-,-,-,-,A,-,-,-,-,-,-,-,-,-,-,-,-
686,3gw6AFAF_intAF,0.11652,-,-,I,-,-,-,-,G,G,A,-,-,-,-,-,-,-,-,-,-,-,-,-,-,G,S,-,-,-,-,L,G,-,-,-
687,3gweABAB_intAB,0.08488,-,G,G,-,-,-,-,-,-,-,-,-,-,-,-,-,-,-,-,-,-,-,-,-,M,-,-,-,-,-,-,-,-,-,-
688,3gxyABAB_intAB,0.11969,-,-,-,-,D,H,I,A,-,-,-,-,-,-,-,-,-,-,-,-,-,-,G,K,F,-,-,-,-,-,-,-,-,-,-
689,3gyxEFEF_intEF,0.09839,-,-,-,-,-,E,G,-,-,-,-,-,-,-,-,-,-,-,-,-,-,E,-,-,-,A,-,-,-,G,-,-,-,-,-
690,3h0wABAB_intAB,0.10888,-,-,-,-,-,E,L,-,E,W,-,-,-,-,-,-,-,-,-,-,-,-,-,-,-,-,-,-,-,-,-,R,I,-,K
691,3h12ABAB_intAB,0.10503,-,G,-,-,-,N,G,-,S,-,-,-,Y,-,-,-,-,-,-,-,-,-,-,-,-,-,-,-,G,-,-,-,S,-,-
692,3h77ABAB_intAB,0.10755,-,-,-,-,-,-,D,H,-,-,C,-,-,-,-,-,G,-,-,-,-,-,-,-,-,-,-,-,-,-,-,-,G,S,-
693,3h7fABAB_intAB,0.10986,M,L,-,-,-,G,-,-,-,-,-,-,-,-,P,-,-,A,-,-,-,-,G,-,S,-,-,-,-,-,-,-,-,-,-
694,3hbxABAB_intAB,0.08467,-,-,-,-,G,-,-,-,K,-,-,-,-,-,-,-,-,-,-,-,-,-,-,-,-,-,-,-,-,-,-,-,G,-,-
695,3hdoABAB_intAB,0.12938,-,P,S,G,-,-,-,-,-,-,-,-,-,-,-,-,A,L,R,-,Y,-,-,-,-,-,-,-,-,S,G,-,-,-,-
696,3hg9ABAB_intAB,0.10295,-,-,-,-,-,-,T,-,-,-,-,-,-,-,-,-,-,-,-,-,-,E,G,-,-,-,-,-,-,-,-,-,-,-,-
697,3hhdCBBC_intBC,0.11863,-,-,L,-,-,-,-,T,G,-,-,-,-,-,-,-,-,-,-,G,-,-,-,-,-,-,-,F,D,-,-,R,-,-,-
698,3hieABAB_intAB,0.11698,-,-,-,-,-,-,W,-,L,F,-,-,-,-,-,-,-,-,-,-,-,-,-,-,-,-,-,-,-,-,W,L,-,-,F
699,3higABAB_intAB,0.08552,-,-,-,-,-,-,K,-,-,D,-,-,-,-,-,-,-,-,-,-,-,-,-,-,-,I,-,-,-,-,-,-,-,-,-
700,3hj9ABAB_intAB,0.08618,-,-,-,-,-,-,A,-,-,-,-,-,-,-,-,-,-,-,-,-,-,-,-,-,-,-,-,-,-,-,-,-,A,G,A
701,3hkzACAC_intAC,0.08258,-,G,-,-,-,-,A,S,-,R,-,-,-,-,-,-,-,-,-,-,-,-,-,-,-,T,-,-,-,-,-,-,-,-,-
702,3hmuABAB_intAB,0.07192,-,-,-,H,-,-,N,-,-,-,-,-,-,-,-,-,-,-,-,-,-,-,-,-,-,-,-,-,-,-,-,-,G,E,-
703,3hotABAB_intAB,0.12477,-,-,K,Q,-,V,G,V,-,-,-,-,-,-,-,-,-,-,-,-,-,-,K,Y,D,S,-,-,-,-,-,-,-,-,-
704,3hpaABAB_intAB,0.10576,-,L,-,R,-,-,-,-,-,-,-,-,-,-,-,-,G,A,C,-,-,-,-,-,-,-,-,-,-,-,-,-,-,-,-
705,3hpsABAB_intAB,0.11362,-,-,-,-,-,-,Y,-,H,-,-,-,-,-,-,-,-,-,-,-,-,-,-,-,-,-,-,-,G,-,-,Y,-,-,H
706,3hs0GFFG_intFG,0.10813,-,-,-,S,-,-,T,-,S,-,-,-,-,-,-,-,-,-,-,-,-,-,-,-,-,-,-,-,-,-,-,-,K,K,-
707,3hwkEFEF_intEF,0.11117,-,-,-,-,-,-,V,S,G,A,-,G,-,-,-,-,-,-,-,-,-,-,-,-,-,-,-,-,-,-,V,-,G,G,A
708,3hwxABAB_intAB,0.12137,-,-,C,G,-,-,Q,-,-,-,-,-,-,-,-,-,-,-,-,R,L,-,-,-,-,A,-,-,-,-,-,-,-,-,-
709,3hx9ABAB_intAB,0.09420,-,-,-,-,-,-,G,-,Q,-,F,G,-,-,-,-,Q,-,-,-,-,-,-,-,-,-,-,-,-,-,-,-,D,G,-
710,3i01CDCD_intCD,0.11629,-,-,-,-,-,-,G,-,D,-,-,-,-,-,-,-,-,-,-,-,-,-,-,-,-,C,I,A,-,-,-,-,-,-,-
711,3i07ABAB_intAB,0.10786,-,-,-,-,-,-,S,-,T,S,-,-,-,-,-,-,-,-,-,-,-,-,-,-,-,-,-,-,S,-,-,P,T,T,-
712,3i08ABAB_intAB,0.10594,-,I,V,-,-,-,-,-,A,G,A,-,S,-,-,L,V,L,I,-,-,-,-,-,-,-,-,-,-,-,-,-,-,-,-
713,3i12CDCD_intCD,0.09463,-,-,G,Q,-,-,A,-,V,-,-,-,-,-,-,-,-,-,-,-,-,-,-,V,G,G,-,-,-,-,-,-,-,-,-
714,3i3gABAB_intAB,0.09039,-,-,-,-,-,-,-,-,D,-,-,-,-,-,-,-,-,-,-,-,-,-,-,-,-,-,D,-,-,-,-,-,Q,-,-
715,3i3nABAB_intAB,0.09426,-,-,-,-,-,-,-,-,R,R,-,-,-,-,-,-,-,-,-,-,-,-,-,-,-,-,-,-,-,-,D,-,E,-,-
716,3i3oADAD_intAD,0.09025,-,-,-,-,-,G,-,A,A,-,-,-,-,-,-,-,-,-,-,-,-,-,-,-,-,-,-,G,A,-,-,-,A,-,-
717,3i4jBDBD_intBD,0.11191,-,-,-,-,-,-,G,-,A,A,-,-,-,-,-,-,-,-,-,-,-,-,-,-,-,-,-,-,-,-,A,G,-,A,-
718,3i58ABAB_intAB,0.09908,-,-,-,-,-,-,A,P,-,-,-,-,-,-,-,-,-,-,-,-,-,-,-,-,-,-,-,-,-,-,A,-,-,-,P
719,3i5tABAB_intAB,0.09045,-,-,-,-,-,-,-,-,W,-,-,-,-,-,-,-,-,-,-,-,-,-,-,-,-,-,-,A,-,-,-,-,E,-,-
720,3i84ABAB_intAB,0.09907,-,-,G,T,-,N,-,-,-,-,-,-,-,-,-,-,-,-,G,-,-,E,S,-,V,-,-,-,-,-,-,-,-,-,-
721,3i9v5445_int45,0.10602,-,-,-,-,-,-,G,G,-,-,-,-,-,-,-,-,-,-,-,-,-,-,-,-,-,-,-,-,-,-,P,-,-,-,G
722,3ic3CBBC_intBC,0.11191,-,-,-,P,-,-,R,F,-,-,-,-,-,-,-,-,-,-,G,-,E,E,-,-,-,-,-,-,-,-,-,-,-,R,-
723,3ifsABAB_intAB,0.10103,-,-,-,Q,-,-,G,Q,-,-,-,-,-,-,-,-,-,-,-,-,-,Y,-,-,-,-,-,-,-,-,-,-,-,-,G
724,3ii4ABAB_intAB,0.09700,-,-,-,-,-,-,-,-,G,V,-,-,-,-,-,-,-,-,-,-,A,-,-,-,-,-,-,-,-,-,G,-,V,-,-
725,3iicABAB_intAB,0.08282,G,-,-,-,-,-,G,H,-,-,-,-,-,-,-,-,-,I,-,-,-,-,-,-,-,G,H,-,-,-,-,-,-,-,-
726,3il5CDCD_intCD,0.10501,-,-,-,-,-,-,F,P,-,-,-,-,-,-,-,-,-,-,-,-,-,-,Y,-,-,-,-,-,-,-,G,-,-,-,-
727,3il7ABAB_intAB,0.08583,-,-,-,-,-,-,G,-,-,-,-,P,-,-,-,-,-,-,-,-,-,-,-,-,-,-,-,-,-,-,-,-,-,-,A
728,3imiABAB_intAB,0.12679,-,-,P,-,S,-,S,-,-,-,-,-,-,-,-,-,-,-,-,-,-,P,-,S,S,-,-,-,-,-,-,-,-,-,-
729,3it4CDCD_intCD,0.10762,-,-,M,C,-,L,-,T,L,-,-,-,V,G,-,-,-,A,-,G,-,-,-,-,-,-,-,-,-,-,-,-,-,-,-
730,3iwcABAB_intAB,0.11582,-,-,S,V,-,V,-,-,-,-,-,-,-,-,-,H,-,T,H,-,-,-,-,-,-,-,-,-,-,C,-,-,-,-,-
731,3iwpCDCD_intCD,0.11109,-,-,-,-,-,-,-,-,G,-,-,-,-,-,-,-,-,-,-,-,-,-,-,-,-,-,-,-,-,-,-,E,G,-,-
732,3iylCDCD_intCD,0.14346,-,-,-,-,F,T,P,T,-,-,-,-,S,-,-,S,-,-,-,-,-,Y,A,L,-,-,-,-,-,-,-,-,-,-,-
733,3iynKLKL_intKL,0.13112,-,-,-,-,H,G,-,A,R,-,-,-,-,-,-,-,-,-,-,-,-,-,P,Y,S,-,-,-,M,-,-,-,G,-,N
734,3iynKOKO_intKO,0.09609,-,-,-,-,S,-,-,-,F,-,-,-,-,-,-,W,-,-,-,-,-,-,-,-,-,-,-,-,-,-,-,-,S,T,-
735,3ju8ABAB_intAB,0.13112,-,-,S,-,G,G,-,-,-,Q,-,-,-,-,-,-,-,-,-,-,-,-,S,G,G,-,-,-,-,-,-,-,-,-,-
736,3k0cAFAF_intAF,0.09426,-,-,G,-,-,-,-,-,G,G,-,-,-,-,-,-,-,-,-,N,-,-,-,-,-,-,-,-,R,-,-,S,-,-,-
737,3k1qBDBD_intBD,0.10751,-,-,-,-,-,S,R,-,-,-,-,-,-,-,-,-,-,-,-,-,-,-,P,-,-,-,-,-,-,-,-,-,-,-,-
738,3k1qQPPQ_intPQ,0.11877,S,S,A,S,-,-,-,-,-,-,-,-,-,-,T,-,T,M,-,-,-,-,-,L,-,-,-,-,-,-,-,-,-,-,-
739,3k2nABAB_intAB,0.11813,R,S,G,G,-,-,-,-,-,-,G,-,-,-,-,-,G,-,-,-,-,-,-,T,R,-,-,-,-,-,-,-,-,-,-
740,3k3wABAB_intAB,0.09943,-,-,M,H,-,-,-,D,-,-,-,-,-,-,-,-,-,G,-,-,-,-,-,-,-,-,-,-,-,-,S,-,-,-,-
741,3k9dACAC_intAC,0.10232,-,-,Y,-,-,-,-,S,-,-,-,-,-,-,-,-,-,-,G,-,-,-,-,-,-,-,-,-,-,-,-,R,-,-,-
742,3kdoEIEI_intEI,0.11142,-,-,-,-,-,-,-,T,G,-,M,-,-,-,-,-,G,-,-,-,-,-,-,-,-,-,-,-,T,-,-,-,G,-,G
743,3khyABAB_intAB,0.08480,-,-,-,-,-,-,-,-,I,P,-,-,-,-,-,-,-,-,-,-,-,-,-,-,-,-,-,-,-,-,-,S,-,-,-
744,3kieACAC_intAC,0.10211,-,-,H,-,-,-,-,Y,-,-,L,-,-,-,-,-,-,-,-,Q,-,-,-,-,-,-,-,-,-,-,G,-,-,-,-
745,3kjxABAB_intAB,0.09933,-,-,-,-,-,-,A,-,G,-,-,-,-,-,-,-,-,-,-,-,-,-,-,-,-,-,-,-,P,-,-,-,-,-,G
746,3kopCECE_intCE,0.12942,-,-,K,Y,-,R,-,-,G,-,-,-,-,-,-,-,-,-,-,-,-,-,K,Y,R,-,-,G,G,-,-,-,-,-,-
747,3kt3ABAB_intAB,0.10348,-,-,-,S,-,T,-,D,-,C,G,-,-,-,-,-,-,-,-,-,-,-,C,G,-,-,-,-,-,-,-,-,-,-,-
748,3ktdABAB_intAB,0.08486,-,-,-,-,-,-,E,S,-,-,-,-,E,-,-,-,-,-,-,-,-,-,-,-,-,-,G,-,-,-,-,-,-,-,-
749,3ky8ABAB_intAB,0.10044,-,-,-,-,-,L,G,-,-,-,-,-,-,-,-,-,-,-,-,-,-,-,-,-,-,-,E,L,-,-,S,-,-,-,-
750,3l0wABAB_intAB,0.07928,-,-,-,-,L,S,-,P,S,-,-,-,-,-,-,-,L,-,-,-,-,R,G,-,-,L,-,-,-,-,-,-,-,-,-
751,3l2hCBBC_intBC,0.12745,-,-,G,D,-,V,-,-,-,-,-,-,-,-,-,-,-,-,-,-,-,-,L,T,A,-,-,-,-,-,-,-,-,-,-
752,3l44ABAB_intAB,0.08983,-,-,-,-,-,-,-,-,-,-,G,-,-,-,R,R,A,-,-,-,-,-,-,-,-,-,-,-,-,-,-,-,-,-,-
753,3l4gCBBC_intBC,0.11328,-,-,-,-,G,V,L,-,-,-,-,-,-,-,-,-,-,-,-,-,-,-,G,-,-,-,-,-,-,-,-,-,-,L,-
754,3l4gCDCD_intCD,0.10293,-,A,-,F,T,-,T,-,-,-,-,-,-,-,-,-,-,G,H,-,-,-,-,-,-,-,-,-,-,-,-,-,-,-,-
755,3l5rCBBC_intBC,0.10947,-,M,F,-,-,P,D,-,-,-,-,-,-,-,-,-,-,-,A,-,-,N,-,-,-,-,-,-,-,-,-,-,-,-,N
756,3l7tCBBC_intBC,0.12185,-,-,-,-,-,-,L,L,-,-,F,-,-,-,-,V,-,-,-,-,-,-,-,-,-,-,-,-,-,-,L,-,-,L,-
757,3l99ABAB_intAB,0.12042,-,-,G,T,-,-,T,-,-,-,-,-,G,-,-,-,-,-,-,-,I,T,-,G,S,R,-,-,-,-,-,-,-,L,-
758,3lbeABAB_intAB,0.10612,-,-,-,G,-,-,-,-,Q,-,-,-,-,-,-,-,-,-,-,-,-,-,G,T,-,-,-,S,-,-,-,-,N,-,-
759,3lf4ABAB_intAB,0.11901,-,-,-,P,G,-,-,T,K,-,-,-,-,-,-,-,-,-,-,-,-,-,-,Y,V,-,-,-,-,-,-,E,-,-,Y
760,3lfhEFEF_intEF,0.10580,-,-,-,F,G,L,-,G,-,-,-,-,G,G,-,-,L,G,-,-,-,-,-,-,-,-,-,-,-,-,-,-,-,-,-
761,3lfxBGBG_intBG,0.10248,-,-,-,-,D,N,-,-,F,P,-,-,-,-,-,-,-,-,-,-,-,-,-,-,-,-,-,-,-,-,G,-,F,P,-
762,3lg2ABAB_intAB,0.09691,-,-,-,-,-,-,L,G,-,-,-,-,-,-,-,-,-,-,-,-,L,-,-,E,-,-,-,-,-,-,-,-,-,-,G
763,3lh2UTTU_intTU,0.10755,-,-,R,V,A,L,-,-,-,-,-,-,-,-,-,-,E,-,T,-,-,-,G,-,I,-,-,-,-,-,-,-,-,-,-
764,3li7ABAB_intAB,0.07555,-,-,-,-,-,-,-,-,V,T,-,-,-,-,-,-,-,-,-,-,-,-,-,-,-,-,-,T,-,-,-,-,-,-,-
765,3loyABAB_intAB,0.08632,G,-,Q,-,-,-,-,-,-,-,-,-,-,-,-,-,-,-,-,-,-,-,-,-,F,-,-,-,-,-,-,-,-,-,-
766,3lruABAB_intAB,0.11337,-,-,T,-,-,G,-,K,-,-,-,G,-,-,-,-,-,-,-,-,-,-,L,-,L,-,-,-,-,-,-,M,-,-,-
767,3lscABAB_intAB,0.11428,-,G,-,-,-,-,S,-,-,-,-,-,-,-,-,-,-,T,-,-,-,-,S,-,-,-,-,-,-,-,-,-,-,-,-
768,3lueHJHJ_intHJ,0.12171,-,P,S,T,M,-,-,-,-,-,-,-,-,-,-,-,D,G,Q,-,-,-,-,-,-,-,-,-,-,-,-,-,-,-,-
769,3lw3ABAB_intAB,0.12297,-,-,C,-,G,G,-,-,K,N,-,-,-,-,-,-,-,-,-,-,-,-,G,G,-,-,-,S,K,-,-,-,-,N,-
770,3lz7CDCD_intCD,0.12810,-,-,-,-,T,-,G,-,A,-,-,-,-,-,-,-,-,-,-,-,-,-,A,-,-,-,-,-,-,-,-,G,-,A,-
771,3lzxABAB_intAB,0.09993,-,-,S,G,-,-,-,-,-,-,-,-,-,-,-,-,-,-,-,-,-,-,-,S,G,-,-,-,-,-,-,-,-,-,-
772,3m0vCDCD_intCD,0.11770,-,-,-,-,-,-,G,R,G,I,-,-,-,-,-,-,-,-,-,-,-,-,-,-,-,-,-,-,-,-,G,G,G,I,-
773,3m1aEDDE_intDE,0.10192,-,S,A,A,-,-,G,-,-,-,-,-,-,-,-,-,-,-,-,-,-,-,S,A,A,-,-,-,-,-,-,-,-,-,-
774,3m49ABAB_intAB,0.10617,-,A,G,-,-,-,-,-,-,-,-,-,-,-,-,-,-,A,-,-,-,-,-,-,G,-,-,-,-,-,-,-,-,-,-
775,3m4pABAB_intAB,0.12233,-,-,-,-,-,-,Y,G,-,-,-,-,C,-,-,-,-,-,-,-,-,-,-,-,-,-,-,-,-,-,S,G,-,-,S
776,3m5jABAB_intAB,0.10405,-,-,-,I,C,-,-,H,-,-,-,-,Y,-,-,-,-,-,-,-,-,-,-,H,-,-,-,-,-,-,-,-,-,-,-
777,3m83ACAC_intAC,0.14644,-,-,D,-,P,-,-,P,G,-,-,-,-,-,-,-,-,-,-,-,-,-,-,G,P,-,-,-,P,-,-,-,P,-,G
778,3mapABAB_intAB,0.13468,-,-,G,V,-,I,-,Y,G,Y,-,-,V,-,-,I,-,Y,P,S,-,-,-,-,-,-,-,-,-,-,A,-,-,-,-
779,3mauCDCD_intCD,0.08115,-,-,-,-,-,-,-,-,-,-,Y,-,-,-,-,-,A,M,-,-,-,-,-,-,-,-,-,-,-,-,-,-,-,-,-
780,3mebABAB_intAB,0.09241,-,-,-,-,-,-,G,-,-,-,W,-,-,-,-,-,G,-,-,-,-,K,W,-,-,-,-,-,-,-,-,-,-,-,-
781,3mezABAB_intAB,0.11225,-,-,T,-,Y,G,-,A,-,S,-,-,-,-,-,G,A,-,S,-,-,-,-,-,-,-,-,-,-,-,-,-,-,-,-
782,3mhsACAC_intAC,0.09196,-,-,-,-,-,-,-,-,L,-,-,-,-,-,-,-,-,-,-,-,-,-,-,-,-,-,-,-,-,-,-,G,N,-,-
783,3mmlACAC_intAC,0.13526,-,-,-,-,-,T,G,-,-,-,-,-,-,-,-,-,-,-,-,-,-,-,-,-,-,-,T,N,-,-,-,-,-,P,G
784,3mmwABAB_intAB,0.11426,-,-,-,W,V,E,-,-,-,-,-,-,-,-,-,-,-,W,-,-,-,-,G,-,-,-,-,-,-,-,-,-,-,-,-
785,3msuABAB_intAB,0.13637,A,-,-,-,I,-,A,-,-,-,-,-,-,-,Y,-,-,-,-,-,-,-,T,-,-,R,Q,-,G,-,-,-,-,-,-
786,3mtnCDCD_intCD,0.12185,-,-,N,Q,Q,D,-,-,-,-,-,-,-,-,-,-,-,-,-,-,-,-,R,G,G,-,-,-,-,-,-,-,-,-,-
787,3mvoABAB_intAB,0.11515,-,R,N,Y,-,V,P,F,-,-,I,-,-,-,S,H,L,L,-,-,-,M,Q,E,-,I,-,-,-,-,-,-,-,-,-
788,3mx4BEBE_intBE,0.11124,-,-,-,-,-,-,G,R,A,Q,-,-,-,-,-,-,-,-,-,-,-,-,-,-,-,-,-,-,-,-,-,G,R,A,Q
789,3myrCDCD_intCD,0.08636,-,-,-,-,-,G,-,-,-,-,-,-,-,-,-,-,-,-,-,-,-,C,G,-,-,-,-,-,-,-,-,-,-,-,-
790,3n1sABAB_intAB,0.10200,-,E,G,-,-,-,-,-,N,-,-,-,-,-,-,-,-,-,-,E,-,-,-,-,G,-,-,-,G,-,-,-,-,-,-
791,3n2bCDCD_intCD,0.08625,-,-,-,-,-,-,-,-,E,-,-,-,-,-,-,-,-,-,-,-,-,-,-,-,-,-,-,-,G,-,-,R,-,-,-
792,3n6rCDCD_intCD,0.12461,-,-,-,-,-,-,-,-,G,R,-,-,-,-,-,-,-,-,-,-,-,-,-,-,-,-,-,-,-,-,R,E,R,-,-
793,3n9iABAB_intAB,0.10982,-,-,-,-,-,-,C,-,Y,G,-,-,-,-,-,-,-,-,-,-,-,-,-,-,-,-,-,-,E,-,-,-,N,-,G
794,3napACAC_intAC,0.09499,-,-,-,-,-,-,-,G,-,-,-,-,-,-,-,-,-,-,S,-,-,-,-,-,-,-,-,-,-,-,E,V,Q,-,-
795,3nbbEFEF_intEF,0.10918,-,-,-,-,-,-,E,-,-,-,-,-,-,-,-,-,-,-,-,-,-,-,-,-,-,-,-,-,-,-,-,-,E,N,-
796,3nbsCDCD_intCD,0.11235,-,-,D,L,-,-,-,-,-,-,-,-,-,-,-,-,-,-,G,D,-,-,-,-,G,-,-,-,-,-,-,-,-,-,-
797,3nd1ABAB_intAB,0.08644,-,-,-,-,-,-,-,-,P,-,-,-,-,-,-,-,-,-,-,-,-,-,-,-,-,-,-,-,-,S,-,-,T,-,-
798,3ndcABAB_intAB,0.08718,-,-,-,-,-,-,T,-,-,-,-,S,-,-,-,-,-,-,-,-,-,-,-,-,-,-,-,-,-,-,-,-,-,S,-
799,3neiABAB_intAB,0.10140,-,-,-,-,-,-,-,I,T,-,-,-,-,-,-,-,-,S,-,-,-,-,-,-,-,-,E,-,-,-,-,-,S,-,I
800,3nffAHAH_intAH,0.10777,-,-,Q,-,-,K,-,-,-,-,-,-,-,-,-,-,-,-,-,-,-,S,-,-,Y,-,-,-,-,-,-,-,-,-,-
801,3njaABAB_intAB,0.07506,-,-,-,V,-,-,Q,-,-,-,-,-,-,-,-,-,-,-,-,-,-,-,-,-,-,-,-,-,-,-,-,-,-,-,G
802,3nkdABAB_intAB,0.10371,-,-,-,R,-,-,S,-,-,-,-,-,-,R,-,-,-,-,-,-,S,-,-,-,-,-,-,-,-,-,-,-,-,-,G
803,3npgCDCD_intCD,0.08646,-,S,-,-,-,G,-,-,-,S,-,-,-,-,S,G,-,K,-,-,S,-,-,-,-,-,-,-,-,-,-,-,-,-,-
804,3nugADAD_intAD,0.11379,-,-,A,-,G,G,F,A,-,-,-,-,G,-,-,A,G,G,F,A,-,-,-,-,-,-,-,-,-,-,-,-,-,-,-
805,3nv9ABAB_intAB,0.09511,G,I,-,-,-,-,-,P,-,-,-,-,I,-,-,-,-,P,-,-,-,-,-,-,-,-,-,-,-,-,-,-,-,-,-
806,3o2iABAB_intAB,0.12358,-,-,I,-,-,-,V,D,H,-,-,-,-,-,-,-,-,-,-,L,-,-,G,-,-,-,-,-,-,-,-,-,G,-,-
807,3o4fCDCD_intCD,0.11268,-,-,-,F,-,Q,-,-,P,-,G,-,F,-,-,Q,-,F,-,-,-,-,-,-,-,-,-,-,-,-,-,-,-,-,-
808,3o8jABAB_intAB,0.08752,-,-,-,-,-,G,A,-,-,-,-,-,-,-,-,-,-,-,-,-,-,-,-,-,-,-,-,-,-,-,-,-,I,S,G
809,3oaaOPOP_intOP,0.10084,-,-,-,-,-,-,A,-,G,-,-,-,-,-,-,-,-,-,-,-,-,-,-,-,-,-,-,-,-,-,-,-,A,K,-
810,3obaABAB_intAB,0.08464,-,-,-,-,Y,-,-,-,-,-,G,-,-,-,-,Y,G,-,-,-,-,-,-,-,-,-,-,-,-,-,-,-,-,-,-
811,3ocdCDCD_intCD,0.11666,-,-,-,-,-,S,N,-,-,-,-,-,-,-,-,R,-,-,-,-,-,-,-,-,-,-,-,-,-,-,-,-,-,P,-
812,3oecCDCD_intCD,0.12340,-,A,-,-,G,G,L,S,-,-,-,-,G,-,-,A,-,G,G,-,L,-,-,-,-,-,-,-,-,-,-,-,-,-,-
813,3oksCDCD_intCD,0.10945,-,M,-,-,-,V,-,-,-,-,S,-,-,-,-,G,G,T,-,-,-,-,-,-,-,-,-,-,-,-,-,-,-,-,-
814,3okxABAB_intAB,0.13062,-,-,P,G,-,P,-,-,-,-,-,-,-,-,-,-,-,-,G,D,V,-,G,-,-,-,-,-,-,-,-,-,-,-,-
815,3om9ACAC_intAC,0.08734,-,-,-,-,-,-,M,-,-,-,-,-,-,-,-,-,-,-,-,-,-,-,-,-,-,-,-,-,-,-,-,-,-,F,L
816,3on0ADAD_intAD,0.08335,-,-,-,-,-,-,-,K,-,-,-,-,-,-,-,-,-,-,-,-,-,-,-,-,-,-,-,-,-,K,T,Y,-,-,-
817,3on0CBBC_intBC,0.08300,-,-,-,-,-,-,-,K,-,-,-,-,-,-,-,-,-,-,-,-,-,-,-,-,-,-,-,-,-,K,T,Y,-,-,-
818,3ooqCDCD_intCD,0.10700,-,-,-,-,G,V,G,-,-,-,-,-,-,-,-,-,-,-,-,-,-,K,L,K,-,-,-,-,-,-,-,-,-,-,-
819,3ooyABAB_intAB,0.09444,-,-,G,-,-,-,-,-,-,-,-,-,-,-,-,-,-,G,-,-,-,-,-,-,T,-,-,-,-,-,-,-,-,-,-
820,3opyADAD_intAD,0.10103,-,-,-,-,-,T,I,-,-,S,F,-,-,-,I,L,-,-,-,-,-,-,-,-,-,-,-,-,-,-,F,-,-,-,V
821,3or1ABAB_intAB,0.08667,-,R,-,-,-,-,G,-,-,-,-,-,-,-,-,-,-,-,-,-,-,-,-,-,-,-,-,-,-,-,-,-,-,A,-
822,3otiABAB_intAB,0.11144,-,-,-,-,-,A,A,G,G,-,-,-,-,-,-,-,-,-,-,-,-,-,-,-,-,-,-,-,-,-,-,A,G,L,G
823,3p16ABAB_intAB,0.11767,-,-,A,-,F,L,-,-,-,-,-,-,-,-,-,-,-,-,-,-,-,G,-,A,E,-,-,-,-,-,-,-,-,-,-
824,3p4iABAB_intAB,0.11653,-,-,-,-,-,K,A,-,-,-,-,-,-,-,-,-,-,-,-,-,-,-,-,-,-,-,-,-,-,-,-,-,K,G,A
825,3p9dDGDG_intDG,0.09486,-,-,-,-,-,L,V,-,-,-,-,-,-,-,-,-,-,-,-,-,I,I,-,-,-,-,-,-,-,-,-,-,-,-,F
826,3pcoCDCD_intCD,0.08247,G,-,D,-,-,-,-,-,-,-,-,-,-,-,-,-,-,-,-,-,-,-,-,-,G,-,-,-,-,-,-,-,-,-,-
827,3pctABAB_intAB,0.11855,-,-,Q,-,-,A,G,-,-,-,-,-,-,-,-,-,-,-,Q,-,-,-,-,-,-,-,-,-,-,-,-,-,-,-,A
828,3pfnABAB_intAB,0.09226,-,-,-,-,-,-,-,-,I,-,-,-,-,-,-,I,-,-,-,-,-,-,-,-,-,-,-,-,-,-,-,-,Q,-,-
829,3pj0ABAB_intAB,0.09357,-,-,-,-,-,-,-,-,N,G,-,-,-,-,-,-,-,-,-,-,-,-,-,-,-,-,-,-,-,-,D,-,E,-,-
830,3pjvDFDF_intDF,0.09425,-,-,Y,S,-,-,-,-,-,-,-,-,-,-,-,-,-,-,-,-,-,-,G,S,H,-,-,-,-,-,-,-,-,-,-
831,3pk0ACAC_intAC,0.09583,-,-,-,-,-,-,A,A,-,G,T,-,-,-,-,-,-,-,-,-,-,-,-,-,-,-,-,-,-,-,-,A,A,G,-
832,3pnkABAB_intAB,0.08155,-,-,-,-,-,-,-,-,A,-,-,-,-,-,Q,-,-,-,-,-,-,-,-,-,-,-,-,-,-,-,-,A,-,-,-
833,3pnmABAB_intAB,0.07897,-,-,A,-,-,G,N,-,-,-,-,-,-,-,-,-,-,-,-,-,-,-,-,-,-,-,-,-,-,-,-,-,-,-,G
834,3po1CBBC_intBC,0.11318,-,-,-,-,G,G,-,-,-,-,-,I,-,G,-,-,-,-,-,-,-,-,A,T,A,-,-,-,-,-,R,-,-,-,-
835,3pr7ACAC_intAC,0.08845,-,-,-,-,G,G,-,-,-,-,-,-,-,-,-,-,-,-,-,-,-,-,D,-,-,-,-,-,-,-,-,-,-,-,-
836,3pvaEHEH_intEH,0.09090,-,-,-,-,-,-,-,-,P,G,T,-,-,-,-,G,-,-,-,-,-,-,-,-,-,-,-,-,-,-,-,-,G,-,-
837,3q6iABAB_intAB,0.09639,-,-,A,G,S,-,G,-,-,-,-,-,-,-,-,-,G,N,T,A,-,-,G,-,-,-,-,-,-,-,-,-,-,-,-
838,3q9fBFBF_intBF,0.09427,-,-,-,G,-,-,-,-,S,-,A,-,G,-,-,-,-,-,-,-,G,-,-,-,-,-,-,A,-,-,-,-,-,-,-
839,3qdkCDCD_intCD,0.14259,-,-,L,-,Y,T,-,-,-,-,-,-,-,-,-,-,-,-,-,-,-,-,W,G,M,-,-,-,-,-,-,-,-,-,-
840,3qgaLOLO_intLO,0.10248,A,E,-,-,-,-,Q,-,G,-,-,-,-,-,-,-,-,-,-,-,-,-,-,-,-,-,-,-,-,-,-,-,-,S,V
841,3qk5ABAB_intAB,0.11284,-,-,-,-,-,-,-,S,A,-,-,-,-,-,-,-,-,-,-,-,-,-,-,-,-,-,-,-,-,-,-,S,A,W,-
842,3qljCDCD_intCD,0.10444,-,-,-,A,-,G,-,-,-,-,-,-,-,-,-,-,-,-,-,-,-,A,-,G,-,-,-,-,-,-,-,-,-,-,-
843,3quvABAB_intAB,0.07582,-,-,-,-,-,Y,-,-,-,-,-,-,Q,-,-,-,-,-,-,-,-,-,-,Y,-,-,-,-,-,-,-,-,-,-,-
844,3qviCDCD_intCD,0.11710,-,-,-,-,-,-,L,-,D,-,-,-,-,-,-,-,-,-,-,-,-,-,-,-,-,-,-,-,-,-,-,-,V,-,G
845,3qwuABAB_intAB,0.10026,-,-,-,-,-,-,Y,E,G,-,-,-,-,-,-,-,-,-,-,-,-,-,-,-,-,-,-,-,-,-,-,Y,E,G,-
846,3qygABAB_intAB,0.10557,-,-,P,-,-,-,S,T,G,-,-,-,-,-,-,-,-,-,-,-,-,-,-,-,A,-,-,-,-,-,-,-,G,V,-
847,3r0eCDCD_intCD,0.10930,-,-,-,-,-,V,-,Y,G,A,-,-,-,-,-,-,-,-,-,-,-,-,-,-,-,-,-,-,-,-,V,F,G,-,S
848,3ri6ABAB_intAB,0.11241,N,-,-,-,-,-,A,P,-,-,-,-,A,-,G,-,-,-,-,-,-,-,-,-,-,-,-,-,-,-,-,-,-,G,P
849,3rm5ABAB_intAB,0.10481,-,-,-,-,-,-,I,-,C,-,-,-,-,-,-,-,-,-,-,-,-,-,-,-,-,-,-,C,N,-,-,-,E,-,-
850,3rrrABAB_intAB,0.10970,-,-,-,-,-,-,V,-,A,-,-,-,-,-,-,-,-,-,-,-,-,-,-,-,-,-,-,-,-,-,-,T,-,-,E
851,3rrtDFDF_intDF,0.07861,-,-,-,-,-,A,A,-,-,-,-,-,-,-,-,-,-,-,-,-,-,-,-,-,-,S,-,-,-,-,-,-,-,-,-
852,3rsiCBBC_intBC,0.10330,-,G,-,A,-,G,-,-,-,-,-,-,-,-,Q,R,G,-,-,-,-,-,-,-,-,-,-,-,-,-,-,-,-,-,-
853,3ruyABAB_intAB,0.10308,-,-,-,-,-,-,P,-,-,-,-,-,-,-,-,-,-,-,-,-,-,N,Y,-,-,-,-,-,-,-,-,-,-,-,-
854,3ryiAEAE_intAE,0.11508,-,-,-,G,-,S,E,-,-,-,-,-,-,-,-,-,-,-,-,-,G,K,G,N,-,-,-,-,-,-,-,-,-,-,-
855,3rzaABAB_intAB,0.09307,-,-,-,-,-,-,-,-,G,-,-,-,-,-,-,-,-,-,-,-,-,-,-,-,-,-,-,-,-,-,-,G,K,-,-
856,3s4kABAB_intAB,0.10562,-,-,-,-,G,A,-,N,N,D,-,-,-,-,-,-,-,-,-,-,-,-,G,A,-,-,-,N,-,-,-,-,-,D,-
857,3s6zABAB_intAB,0.10402,-,-,-,-,-,-,N,L,-,-,-,-,-,-,-,-,-,-,-,-,-,-,-,-,-,-,-,-,-,-,-,-,-,-,F
858,3s6zCBBC_intBC,0.11084,-,-,-,-,-,-,-,-,F,-,-,-,-,-,-,-,-,-,-,-,-,-,-,-,-,-,-,-,-,-,-,N,L,-,-
859,3s8iABAB_intAB,0.11913,-,-,-,-,-,Q,S,-,D,K,-,-,-,-,-,-,-,-,-,-,-,-,-,-,-,-,-,-,-,-,-,-,S,-,D
860,3sdoABAB_intAB,0.08246,-,-,-,-,-,-,N,G,-,-,-,-,-,-,-,-,-,-,-,-,-,-,-,-,-,-,-,-,-,-,-,-,-,-,V
861,3sinABAB_intAB,0.08816,-,-,-,-,-,-,-,-,I,G,-,-,-,-,-,-,-,-,-,-,-,-,-,-,-,-,-,-,-,-,-,I,-,-,-
862,3sipABAB_intAB,0.07547,-,-,-,-,-,-,-,Y,-,-,-,-,I,-,-,-,-,-,-,-,-,C,-,-,-,G,R,-,-,-,-,-,-,-,-
863,3sk2ABAB_intAB,0.10586,-,-,-,-,-,-,L,-,-,V,G,-,-,-,-,-,L,-,-,G,-,-,-,-,-,-,-,-,-,-,S,-,-,-,G
864,3sqgADAD_intAD,0.11480,-,-,-,-,-,R,-,-,R,S,-,-,-,-,-,-,-,-,-,-,-,-,R,-,-,-,-,-,-,-,R,S,-,-,-
865,3sx2CDCD_intCD,0.09850,-,-,A,G,-,R,-,-,-,-,-,-,-,-,-,-,-,-,-,-,-,G,-,A,G,-,-,-,-,-,-,-,-,-,-
866,3t88AEAE_intAE,0.10394,-,-,-,-,-,-,-,D,G,Q,-,-,-,-,-,-,-,-,-,-,-,-,-,-,-,-,-,-,-,-,-,D,G,-,Q
867,3t89AFAF_intAF,0.10384,-,-,-,-,-,-,-,D,G,Q,-,-,-,-,-,-,-,-,-,-,-,-,-,-,-,-,-,-,-,-,-,D,G,-,-
868,3t9qABAB_intAB,0.10828,L,V,-,-,-,-,-,-,-,-,V,-,-,-,-,T,G,A,H,-,-,-,-,-,-,-,-,-,-,Q,-,-,-,-,-
869,3tatCDCD_intCD,0.08996,-,-,I,-,-,-,-,-,R,-,-,-,-,-,-,G,-,-,-,-,-,-,-,-,-,-,-,-,-,-,-,-,I,-,-
870,3tfiABAB_intAB,0.10215,-,-,G,L,-,-,-,-,-,-,-,-,-,-,-,-,-,-,G,L,G,-,-,-,-,-,-,-,-,-,-,-,-,-,-
871,3tfoCDCD_intCD,0.10872,-,-,-,-,-,-,T,-,I,-,-,-,-,-,-,-,-,-,-,-,-,-,-,-,-,-,-,-,-,-,-,I,-,-,I
872,3tftABAB_intAB,0.09965,-,A,-,-,M,G,-,-,-,-,-,-,-,-,-,P,Y,S,S,-,-,-,-,-,-,-,-,-,-,-,-,-,-,-,-
873,3tkkACAC_intAC,0.08541,S,-,-,-,-,-,-,-,-,-,N,-,-,-,M,D,E,G,-,-,-,-,-,-,-,-,-,-,-,-,-,-,-,-,-
874,3toxDIDI_intDI,0.11021,-,-,-,A,G,G,-,-,-,-,-,-,G,-,-,A,-,-,-,-,-,-,G,G,A,-,-,-,-,-,-,-,-,-,-
875,3triABAB_intAB,0.10193,-,-,-,-,-,R,I,A,-,-,-,A,A,-,-,-,-,-,-,-,-,-,-,-,-,A,-,-,-,-,-,-,-,-,-
876,3twoABAB_intAB,0.13027,-,V,-,-,-,S,F,I,-,-,-,-,-,-,-,V,-,S,-,-,F,-,-,-,-,-,-,-,-,-,-,-,-,-,G
877,3tzlABAB_intAB,0.11449,-,-,-,-,-,I,G,-,-,-,-,-,-,-,-,-,-,-,-,-,-,-,G,-,-,-,-,-,-,-,-,-,-,K,-
878,3u0aABAB_intAB,0.11469,-,N,-,G,-,-,-,Q,A,-,-,-,S,-,-,-,-,G,R,-,-,-,-,-,-,-,-,-,-,-,-,-,-,-,-
879,3u0gCDCD_intCD,0.11900,-,-,-,-,-,-,G,S,G,-,-,-,-,-,-,-,-,-,-,-,-,-,-,-,-,-,-,-,-,-,-,Y,G,G,-
880,3u0gEFEF_intEF,0.08385,-,-,-,K,-,-,H,-,-,E,-,-,-,-,-,-,-,-,-,-,-,-,K,-,H,-,-,-,-,-,-,-,-,-,-
881,3u1iCDCD_intCD,0.08173,-,-,-,-,-,-,-,-,Q,G,-,-,-,-,-,-,-,-,-,-,-,-,-,-,-,-,-,-,Q,-,-,-,-,-,-
882,3ucmABAB_intAB,0.09366,-,S,-,R,-,-,-,-,-,-,-,-,-,-,-,-,-,G,-,-,-,-,-,-,-,-,-,-,-,-,-,-,-,-,-
883,3uf0ABAB_intAB,0.10548,-,-,-,-,-,-,A,-,G,R,-,-,-,-,-,-,-,-,-,-,-,-,-,-,-,-,-,-,-,-,-,-,A,-,A
884,3ujhABAB_intAB,0.08653,-,-,-,-,-,-,G,-,-,-,-,-,-,-,-,-,-,-,-,-,-,-,-,-,-,-,-,-,-,-,-,-,S,Q,L
885,3uoeABAB_intAB,0.11801,-,-,-,-,-,G,A,G,-,-,-,-,A,-,-,-,-,-,-,-,-,L,-,-,-,-,-,-,-,-,-,-,-,-,G
886,3uuwABAB_intAB,0.11220,-,S,G,T,-,-,-,-,-,-,-,-,-,-,-,-,-,G,K,E,-,-,-,-,G,-,-,-,-,-,-,-,-,-,-
887,3zq6ABAB_intAB,0.09571,-,-,-,-,-,G,-,-,-,-,G,-,-,-,-,G,G,-,-,-,-,A,-,-,-,-,-,-,-,G,-,-,-,-,-
888,3zqiABAB_intAB,0.10281,-,-,-,F,-,-,S,-,G,-,-,-,-,F,-,-,-,G,-,-,-,-,-,-,-,-,-,-,-,-,-,-,G,-,-
889,3zqqABAB_intAB,0.10795,-,-,-,-,-,F,-,-,K,K,-,-,-,-,-,-,-,-,-,-,-,-,A,-,-,-,-,-,-,-,-,T,-,-,-
890,3zvkGFFG_intFG,0.10192,-,-,-,-,-,A,-,-,G,-,-,-,-,R,-,-,-,-,-,-,-,E,-,-,-,-,-,V,-,-,-,-,Q,-,-
891,3zzmABAB_intAB,0.09322,-,-,-,G,-,S,-,G,-,G,-,-,-,-,-,-,-,-,-,-,-,-,G,-,S,-,-,-,-,-,-,G,-,Q,-
892,4aaiABAB_intAB,0.11358,-,-,-,-,-,-,K,K,K,-,-,-,-,-,-,-,-,-,-,-,-,-,-,-,-,-,-,-,T,-,-,-,A,-,F
893,4abtABAB_intAB,0.08822,-,G,-,-,-,-,-,G,D,-,-,-,R,G,-,-,D,-,-,-,-,-,-,-,-,-,-,-,-,-,-,-,-,-,-
894,4ctsABAB_intAB,0.12126,-,-,-,-,-,-,K,S,M,-,-,-,-,-,-,-,-,-,-,-,-,-,-,-,-,-,K,-,-,-,L,V,-,-,-
895,4proBDBD_intBD,0.08927,-,-,-,-,-,T,T,-,-,-,-,-,-,-,-,-,-,-,-,-,-,-,G,-,-,-,-,-,-,-,-,-,-,-,-
896,5hmgEFEF_intEF,0.10792,-,-,-,A,L,-,C,-,H,-,-,-,-,-,-,H,-,N,-,-,-,-,-,-,-,-,C,-,-,-,-,-,-,-,-
897,5prcCMCM_intCM,0.08919,-,-,-,-,-,V,-,-,-,-,-,-,-,-,-,-,-,-,-,-,-,A,L,-,-,-,-,-,-,-,-,-,-,-,-
898,7reqABAB_intAB,0.10291,-,-,-,-,-,-,-,-,S,-,-,-,-,-,-,-,-,-,-,-,-,-,-,-,-,-,-,-,-,-,-,G,S,-,-
899,8aatABAB_intAB,0.10767,-,-,Y,-,-,-,-,G,-,-,Y,-,-,-,-,G,-,-,G,-,-,-,-,-,-,-,-,-,-,-,Y,-,-,-,-
900,9rubABAB_intAB,0.09352,-,-,-,-,-,-,-,G,G,-,-,-,-,-,-,-,-,-,-,-,-,-,-,-,-,-,-,-,G,D,G,-,-,-,-
